driverId,name,ssn,location,certified,wage-plan
10,Edward Bullock,579-07-8247,"65945 Krystal Crossroad
Lake Michaelfurt, FM 20149",N,miles
11,Jared Morrison,011-27-6862,"8167 Austin Dam Apt. 569
West Matthewmouth, MH 24897",Y,hours
12,Jeremy Duran,709-97-5859,"76926 Michele Vista Suite 529
Lindaside, WY 29845",Y,miles
13,Timothy Gentry,086-80-3956,"358 Medina Garden Apt. 700
Curtisshire, MO 21776",Y,hours
14,Jason Morgan,408-83-8197,"2920 Nicole Land
Martinview, AL 56990",N,hours
15,Ashley Johnson,121-49-3419,"601 Jade Forks Suite 344
South Robertport, AR 20614",Y,hours
16,Kathleen Ramirez,862-25-6033,"1800 Jacob Crossroad Suite 773
North Michaelfort, SC 50761",N,miles
17,Troy Diaz,885-72-4442,"51673 Steven Extensions Apt. 420
North Leroy, WV 94102",N,miles
18,Danielle Thompson,736-79-4370,"7077 Cole Stream Suite 501
Vasquezhaven, TX 23883",N,hours
19,William Chase,848-12-0339,"90252 Turner Lake Apt. 782
Port Tonyashire, MT 35644",N,hours
20,Lauren Wilson,696-52-9244,"5751 Melissa Street
Susanfort, HI 45523",N,hours
21,Kenneth Woods,333-55-7661,"4182 Melanie Centers Suite 158
Benjaminbury, TN 54087",N,hours
22,Samuel Wilcox,110-23-4536,"48394 Martin Spur
Floresside, SC 01043",Y,miles
23,Whitney Robinson,753-43-5935,"223 Nguyen Mountain Suite 749
Shelbychester, VA 75252",Y,miles
24,Jonathan Maynard,723-72-0350,"34002 Sarah Lakes
Freyshire, SC 38404",Y,hours
25,Jennifer Cook,305-22-7639,"Unit 9932 Box 4208
DPO AP 57579",Y,miles
26,Ariel Trujillo,277-02-4844,"86241 Booker Glen Suite 295
Port Maryville, NJ 83510",N,hours
27,Rebecca Peterson,881-26-1553,"Unit 2256 Box 7625
DPO AA 94909",N,hours
28,Robert Long,608-94-9850,"941 Lisa Square
Lake Jessica, MS 47134",N,hours
29,Jennifer Garcia,299-51-4623,"29655 Patrick Union
New Randymouth, WI 19251",Y,hours
30,Steve Mitchell,343-21-9152,"2650 William Island Apt. 682
West Pamelachester, WA 54547",N,hours
31,Alex Aguirre,624-82-2735,"7798 Kelley Ferry
Lake Stephen, WV 81810",N,hours
32,Jeffrey Johnson,526-25-0785,"2001 Jackson Isle
Rileyhaven, WV 02295",N,miles
33,Nicholas Mccarty,649-70-1039,"PSC 3358, Box 1871
APO AP 82588",Y,hours
34,Brian Oliver,382-76-5230,"897 Allison Union Suite 670
New Eric, CA 25503",Y,hours
35,Becky Flowers,880-16-4546,"11836 Dominique Square
Thorntonfurt, ID 08042",Y,hours
36,Jason Castillo,042-52-0797,"96092 Baker Turnpike
Gordonfurt, LA 27887",Y,hours
37,Phillip Sims,656-17-3940,"3444 Mccormick Expressway
Newtonport, LA 50960",N,hours
38,Amber Johnson,155-10-2028,"04368 Johnson Road
Michaelfurt, ME 22282",N,miles
39,Anthony Weber,500-20-5621,"PSC 0294, Box 5816
APO AE 99641",Y,miles
40,Barbara King,695-52-4687,"485 Hawkins Prairie Suite 086
East Johnside, NY 46575",N,miles
41,Joshua Moses,641-10-1373,"02489 Walsh Inlet Apt. 337
Jasonside, CO 09468",Y,miles
42,Adrian Moore,427-76-4654,"84424 Melton Mill Suite 203
Schwartzfort, CA 88249",N,hours
43,Carolyn Williams,726-67-3898,"145 Micheal Forest Apt. 434
Mollystad, WA 41707",N,hours
44,Katherine Escobar,477-66-4757,"888 Medina Roads Suite 542
New Carlos, IN 85056",N,hours
45,Michael Maldonado,609-90-1612,"0775 Ann Walks
West Stevenberg, MH 04730",Y,miles
46,Monica Archer,770-35-8186,"841 Lee Turnpike Suite 661
North Roberthaven, OK 86976",Y,miles
47,Ruben Santiago,772-43-5509,"629 Martinez Valley
South Robynville, IA 27129",N,miles
48,Brandon Holmes,019-08-1148,"374 Andre Springs
Lindafort, AR 35017",Y,miles
49,Jack Baxter,221-60-1566,"5924 Ingram Glens
Stevenmouth, ID 50209",N,hours
50,Brian Henson,837-41-2454,"Unit 8997 Box 9183
DPO AE 08974",N,miles
51,Sabrina Gaines,156-05-7648,"68407 Williams Extension Suite 079
Davidside, NV 66279",Y,hours
52,Danielle Caldwell,898-08-0672,"246 Flynn Shoals Apt. 893
North Gregoryland, LA 27077",Y,hours
53,Patricia Mills,007-05-4932,"04601 Amber Inlet Apt. 266
Port Nathanielstad, WA 47782",Y,miles
54,Joan Morrison,422-45-0513,"6657 Rodriguez Summit
Lake Michelle, TN 20368",N,hours
55,Thomas Brown,554-75-3259,"288 Dennis Flats
Lake Seanshire, GU 86959",N,miles
56,Sharon Duran,248-57-8135,"027 Sherman Port Suite 917
East Steven, OH 17798",Y,miles
57,Jerry Johnson,313-19-9196,"1185 Ford Ports Suite 353
Nunezton, MA 25605",N,miles
58,Benjamin Carter,198-61-5995,"148 Leslie Extensions Apt. 291
Glennmouth, AR 62776",N,hours
59,Cheryl Burns,144-21-1296,"584 Jennifer Brooks
Jonesstad, MD 44658",N,hours
60,Anna Patel,209-23-0985,"825 Aguilar Cliff
Paulatown, MD 01298",Y,hours
61,Marissa Sanford,253-01-6308,"823 David Hill Apt. 593
Adamton, MS 36245",Y,hours
62,Kelly Moore,155-42-4847,"2175 Colleen Walks
Cynthiaville, MH 20768",N,miles
63,Alexandra Price,342-16-2924,"Unit 3089 Box 7886
DPO AE 49455",N,hours
64,Lisa Garcia MD,202-55-0867,"413 Donald Road Suite 955
Donaldton, FL 57534",Y,hours
65,Diane Norris,784-25-2454,"058 Jennifer Views Suite 665
Kimville, WA 69958",Y,miles
66,Bradley Miller,642-04-5372,"23907 Huff Court
Lindsayfort, NJ 34826",N,miles
67,William Smith,794-74-4208,"USS Peterson
FPO AP 53171",Y,hours
68,Katherine Cruz,655-13-1238,"896 King Road
Lake Danielfurt, NM 46299",Y,hours
69,Tonya Ferguson,897-13-0579,"30947 Jill Ports
Heatherstad, TX 09628",N,hours
70,Teresa Wiley,830-35-4213,"USCGC Mendez
FPO AE 72081",N,miles
71,Robert Nguyen,132-28-2576,"06086 Zuniga Drive Suite 194
Hernandezburgh, OK 79848",N,miles
72,Sarah Warren,018-43-5226,"967 Hancock Camp Apt. 600
New Hannahborough, CA 09047",Y,hours
73,Richard Vance,461-31-1802,"41980 Atkinson Place
South Zachary, FM 94168",Y,miles
74,Drew Patterson,429-11-2199,"13256 Nancy Overpass Suite 530
New Benjamin, IN 79253",N,miles
75,Douglas Harrison DDS,837-65-3307,"33499 Sean Hollow
Woodston, MO 34100",N,hours
76,John Dennis,164-87-5294,"315 Carter Row Suite 303
East Dianahaven, AS 86968",N,hours
77,Adriana Hickman,245-81-0562,"702 Daugherty Shoal
North Mary, NJ 17744",N,miles
78,Heather Warren,532-20-4920,"689 Burton Course Apt. 608
Manningborough, CT 71606",N,miles
79,Jennifer Hughes,058-20-9100,"5945 Pearson Square
Johnton, UT 94251",Y,hours
80,Juan Lopez,350-14-8999,"0175 Daniels Freeway Apt. 785
Jenniferberg, MH 24825",Y,miles
81,Heather Jackson,049-66-5622,"731 Alice Cliff Suite 797
Maysport, MP 78321",Y,hours
82,Karen Taylor,415-70-6801,"169 Levi Fall
West Darrellport, UT 35963",N,hours
83,Vanessa Hill,156-33-5969,"89644 Walsh Islands Suite 375
Lake Victorialand, WV 64622",N,hours
84,Jean Mcdowell,238-37-2274,"873 Jessica Junctions Suite 643
New Steven, MS 16032",N,miles
85,David Rodriguez,125-10-1156,"9272 Melvin Spur Apt. 465
Rachelborough, ID 21700",Y,miles
86,Heather Watkins,776-49-2870,"878 Brian Stream
Jackton, LA 18771",Y,hours
87,Laurie Johnson,414-47-3711,"33321 Kerry Shores
Whitetown, CT 58622",N,hours
88,Joseph Zamora,324-55-5207,"65665 Tucker Way
Garciamouth, AR 74622",Y,miles
89,Laura Gonzalez,658-31-4700,"USCGC Hahn
FPO AA 83539",N,hours
90,Krystal Smith,525-46-0019,"8471 Perez Fork Suite 623
Port Samuel, WA 70199",N,hours
91,Ethan Mitchell,397-59-1932,"850 Campbell Radial
South Sean, HI 97259",Y,hours
92,Andrew Newman,361-58-5015,"170 Mills Turnpike Suite 257
New Jeffreyborough, HI 70338",N,hours
93,Adam Hill,541-32-9169,"592 Jones Village
East Jamesside, OR 95825",N,hours
94,Latasha Brady,785-78-9716,"6865 Dustin Brook Suite 442
Andrealand, MA 41787",N,hours
95,Melissa Sweeney,647-83-2193,"2978 Nancy Village Apt. 960
Davisfort, VA 33402",Y,hours
96,Andrea Chavez,633-88-8413,"PSC 2122, Box 7847
APO AP 48328",Y,hours
97,Richard Duffy,087-13-9396,"73069 Deborah Roads
Taylorberg, NY 47920",Y,hours
98,Jacob Morgan,168-20-0406,"6639 Katherine Port
Solisborough, PR 34201",Y,miles
99,Paul Vargas,299-58-9127,"1810 Aaron Row
East Robertport, VI 78171",Y,miles
100,Mark Young,483-43-1463,"Unit 8197 Box 4548
DPO AE 65399",N,miles
101,Scott Chapman,706-37-4252,"88711 Forbes Union Suite 801
Lake Antonio, PW 30711",Y,miles
102,Chelsea Rodgers,794-92-9717,"USS Harper
FPO AE 34207",Y,miles
103,James Oconnor,695-14-3795,"USNS Bond
FPO AA 05633",Y,miles
104,Nancy Anderson,059-09-2677,"1222 Powell Port
Lake Alejandroberg, AK 07027",N,miles
105,Shawn Galloway,368-59-6194,"798 Maria Burg
Robertchester, AR 15668",N,hours
106,James Mendoza,777-62-8291,"42846 Lee Inlet Suite 582
Deborahchester, FL 48210",Y,miles
107,Lisa Dawson,783-32-1660,"PSC 2230, Box 6016
APO AP 90136",Y,hours
108,John Zuniga,826-93-7769,"39871 John Unions
North Mike, WY 40424",N,hours
109,Heidi Jones,180-03-0917,"17190 Eric Camp
South Victoria, DC 62201",N,miles
110,Carolyn Burnett,241-19-2116,"011 Massey Lodge Apt. 783
East Stephanie, GA 10473",Y,hours
111,Emma Rodriguez,511-61-5134,"577 Contreras Creek Apt. 283
Campbellchester, MH 89329",N,miles
112,Brenda Jones,822-46-8807,"PSC 4335, Box 2598
APO AA 04807",Y,hours
113,Michael Austin,839-70-1766,"619 Ward Heights
Romerochester, IN 14297",Y,miles
114,Michael James,082-54-4286,"22562 Sean Spring Apt. 762
Cindybury, OR 90712",Y,hours
115,Thomas Ross,394-35-0153,"97329 Timothy Crest
Jamesstad, CT 53266",Y,hours
116,Jonathan Erickson,664-83-6441,"34381 Danielle Circle Apt. 995
Brownmouth, TX 28131",Y,hours
117,Peter Allen,389-44-5723,"Unit 3534 Box 1904
DPO AE 74942",N,miles
118,Alan Cochran,499-88-6245,"341 Alicia Pass Suite 179
Levineton, IA 88104",N,hours
119,Jeffrey Wood,496-02-6285,"0480 Bruce Pass
South Christopher, RI 82818",Y,miles
120,Pamela Roy,614-27-8990,"100 Huynh Heights Suite 634
Woodview, MN 62525",Y,miles
121,Stephanie Murphy,471-74-5529,"USNS Stone
FPO AE 28247",Y,miles
122,Dr. Dawn Wright DVM,313-60-0891,"42925 Bailey Locks Apt. 662
Henrymouth, AK 18661",Y,hours
123,Ashley Stein,325-42-9283,"85050 Campbell Causeway
New Ashleyland, KY 91806",N,hours
124,Maria Fisher,312-65-0220,"209 Anita Terrace
Harrisonmouth, KS 41895",Y,hours
125,Shaun Jones,185-92-6542,"Unit 8409 Box 4953
DPO AP 00685",Y,hours
126,Kelli Hoffman,757-24-8931,"USS Ramirez
FPO AA 39235",N,hours
127,Anthony Fox,230-83-7543,"890 Joe Course Suite 453
Port Tammyville, MS 60004",N,miles
128,Jason Hale,465-85-8298,"846 Michael Knoll Suite 868
Lake Cherylfurt, LA 91406",Y,hours
129,Adam White,095-38-7528,"5565 Smith Radial
Lake Duanetown, MT 28182",N,miles
130,Hannah Nelson,746-77-9258,"929 Grant Mill Suite 760
Jesseton, AS 94068",N,hours
131,Joshua Townsend MD,306-37-7140,"648 Mendez Motorway Apt. 894
North Robert, DC 05737",N,miles
132,Kimberly Roberson,329-85-4271,"5646 Porter Roads
South Alexis, AS 83089",Y,hours
133,Kristine Randolph,797-74-6022,"831 Boyd Parkway Suite 376
West Tara, VI 07468",Y,hours
134,Travis Hernandez,715-72-8259,"66155 Kristy Mountain Apt. 873
New Williamchester, WV 19753",Y,hours
135,Eric Hurst,390-69-5136,"0969 Lee Freeway
Marissafort, KY 17038",Y,miles
136,Caroline Mills,383-43-4099,"0481 Brandon Expressway Suite 256
Mercadoport, MP 91353",Y,miles
137,Mr. John Archer,259-50-2164,"728 Anderson Highway
East Tonyafurt, NE 58442",Y,miles
138,Donna Salinas,363-10-9597,"175 Brock Crescent Suite 229
Kristifurt, IA 14098",Y,hours
139,Brittany Reyes,408-24-7303,"640 Glass Drive Apt. 704
Hintonchester, IN 86971",Y,hours
140,Ryan Williams,218-28-0038,"438 John Hill
Andersonfurt, NH 56539",N,hours
141,Joshua Haas,378-39-4363,"2869 Ward Springs Apt. 597
West Jenniferberg, NM 24680",Y,hours
142,Brian Adams,329-72-2997,"62951 Adams Via Suite 002
West Sergioport, AL 01095",Y,miles
143,Whitney Johnson,654-16-5696,"2058 Timothy Parkways Apt. 491
Lake Heather, OK 03144",N,hours
144,Kathleen Bowman,508-17-3416,"9462 Woods Lodge Suite 169
North Richard, UT 50467",N,hours
145,George Tucker,124-02-0027,"30717 Kristina Unions
North Mark, SD 87991",N,hours
146,Barbara Mejia,798-94-9746,"928 Rebecca Locks Suite 572
Port Dustin, KS 94067",Y,miles
147,Jonathan Hoffman,788-94-7346,"USNS Chapman
FPO AE 52087",Y,hours
148,Melissa Ferguson,657-33-1916,"062 Roman Dale
Gloverborough, CT 69757",Y,miles
149,Theresa Harris,766-68-3642,"7461 Erin Burg Suite 393
Port Melissaside, PR 51422",Y,miles
150,Jason Ortiz,689-04-3664,"94024 Rowe Trail Apt. 748
Lesliefurt, VI 96735",Y,miles
151,Sierra Randall,848-96-9552,"5631 Estrada Estate
New Ashleyview, NV 28431",Y,hours
152,Jessica Villanueva,006-46-1592,"52412 Bennett Lights Apt. 624
Phamland, IN 04409",Y,hours
153,Amber Hall,426-70-6458,"281 Johnson Drives Apt. 750
East Robert, NJ 73383",N,miles
154,Heather Stone,349-19-3299,"01836 Molly Route Apt. 619
Stephenmouth, WA 85631",Y,miles
155,William Smith,531-20-7176,"486 Steven Cliffs
Lake Jay, WA 59704",N,miles
156,Lauren Perry,172-46-6168,"900 Baker Turnpike Apt. 859
Lake Andrewville, VA 49925",Y,miles
157,Jennifer Powell,074-26-9321,"3208 Richardson Greens Suite 541
Lake Josephbury, MN 67140",N,hours
158,Erica Johnson,482-93-5799,"59873 Blair Heights
Lake Suzanne, ID 32676",N,hours
159,Katherine Harris,154-21-4318,"USNS Boone
FPO AA 77783",N,hours
160,Justin Ramos,830-74-2970,"902 Dalton Summit Suite 091
New Cheryl, AK 31132",Y,miles
161,Kenneth Rice,035-28-0127,"9060 Susan Mountains
Taylormouth, CA 42160",N,miles
162,Linda Allen,829-90-1011,"65419 Davis Flats
Annettetown, OR 88430",Y,hours
163,Stephanie Allen,562-85-2628,"59158 Dudley River
Woodsburgh, NJ 49647",Y,hours
164,Thomas Moran,699-87-0816,"90873 Hamilton Fall Apt. 094
Port Richardchester, NE 71724",Y,miles
165,Vickie Bass,577-19-0335,"5858 Johnson Way
Yolandaberg, NY 69228",Y,hours
166,Kurt Kelly,058-21-6437,"38705 Sarah Crescent
New Carolinehaven, AR 49428",Y,miles
167,Larry Fisher,143-04-3535,"3648 Young Keys Suite 638
Nelsonburgh, UT 82321",Y,hours
168,Nathaniel Thomas,018-07-3032,"79705 Dean Radial Apt. 554
Kellyport, DC 17754",Y,hours
169,Shawn Sherman MD,753-65-9777,"518 Ramirez Village
Lake Glenntown, NH 74101",N,hours
170,Brian Campbell DDS,892-37-6702,"11179 Cowan Burg Apt. 318
New Edwardborough, DE 26184",N,hours
171,William Sawyer,647-24-0629,"998 Christopher Cape
Katieton, IL 30686",Y,miles
172,Ryan Juarez,311-82-2023,"471 Richard Valleys
Laurenport, OK 96525",Y,miles
173,Brittney Weaver,359-15-9425,"2078 Christopher Freeway Apt. 484
Wendyview, NE 72166",N,hours
174,Steven Delgado,726-50-6065,"35068 Tara Plaza Suite 287
Port Rhondaberg, WV 30536",Y,miles
175,Damon Moyer,204-49-5226,"99202 Heather Wall Apt. 489
West Matthewfort, HI 07751",N,hours
176,Mark Dickerson,410-42-7286,"27900 Walker Lodge
Kellyfort, NE 95119",Y,hours
177,Chad Arias,104-76-6830,"0880 Ryan Street
West Christopher, SD 92413",Y,miles
178,Shaun Clayton,206-10-0199,"541 Rogers Drive
Jasonborough, MN 55310",N,miles
179,Charles Johnson,441-64-7812,"3303 Davis Glens
Port James, WY 70127",Y,hours
180,Philip Lucas,219-15-1605,"547 Andrew Loaf Suite 751
North Mariahaven, TX 89050",Y,miles
181,Amanda Weber,649-50-4010,"5996 Ashley Centers
New Loritown, NY 23584",Y,miles
182,Kathryn Patton,656-75-7173,"777 Elizabeth Via Suite 058
Velazquezhaven, MT 30590",Y,miles
183,Jason Martin,136-35-4159,"939 William Flat
East Patricia, IA 89134",N,miles
184,Nathan Clark,554-40-0641,"18205 Yang Valley Suite 598
East Susan, OH 99430",N,hours
185,Jacqueline Griffith,064-07-8312,"Unit 1040 Box 7504
DPO AA 17747",Y,hours
186,Alexis Wright,524-74-5527,"2722 Zachary Camp Suite 995
Glendamouth, AR 64871",N,hours
187,Karen Hudson,283-88-4706,"27235 Larson Mount Apt. 481
East Michael, NE 32631",N,miles
188,David Miller,539-57-0939,"2451 Daniel Roads Apt. 195
Wonghaven, OH 70254",Y,hours
189,Denise Herrera,419-37-4525,"076 Stacey Walk Suite 359
Waynemouth, KY 72554",Y,miles
190,Jennifer Rodriguez,800-15-7064,"710 Beck Manor Suite 694
West Angela, MH 32814",N,miles
191,Brandon Nichols,257-77-7346,"54344 Crystal Branch
Lake William, PW 66990",Y,hours
192,Brandon Johnson,504-71-4307,"USCGC West
FPO AP 80834",Y,miles
193,Michael Campos,033-14-7471,"63381 Jeff Wells
South Chad, DC 13034",N,hours
194,Susan Peterson,065-87-1005,"742 Nelson Port Suite 677
New Jimmyburgh, IA 63419",N,hours
195,Angela Mitchell,609-64-8916,"908 Brown Shore
New Brianmouth, NV 37586",N,miles
196,David Thomas,304-78-0163,"Unit 6255 Box 9830
DPO AP 85998",Y,miles
197,Amanda Wilson,662-58-6478,"039 Ibarra Pass
Michaelland, CO 21482",N,miles
198,David Smith,428-89-1795,"580 Kimberly Alley
South Kevintown, NY 75249",N,hours
199,Charles Morales,074-44-9847,"94221 Katherine Circle
Larryfurt, UT 44774",Y,hours
200,Victoria Sanchez,586-75-6629,"9037 Eric Ways
Williammouth, DE 73685",N,miles
201,Phillip Morales,205-04-7920,"43429 Day Ferry Apt. 094
South Samuelstad, MA 81996",N,miles
202,Brent Sims,847-78-0242,"54693 Torres Circle Suite 054
South Janice, OR 89102",Y,miles
203,Bethany Hartman,672-14-6747,"PSC 9192, Box 8182
APO AE 04121",Y,miles
204,Jerry Meadows,574-36-3196,"6898 Johnson Grove
Smithfort, NH 89235",N,hours
205,Mrs. Sherry Castro,514-44-2678,"1724 Reed Inlet Suite 057
Port Douglas, MO 75206",N,miles
206,Tim Gamble,561-88-2173,"Unit 9234 Box 8402
DPO AA 73931",Y,miles
207,Erica Lozano,389-48-8484,"Unit 5871 Box 5151
DPO AA 84968",N,miles
208,Daniel Weber,612-91-5876,"41801 Hall Viaduct
West Janiceton, MH 19388",Y,miles
209,Katie Donovan,496-40-6202,"86832 Bright Avenue
Jenniferton, PW 77682",Y,miles
210,Peter Walker,824-83-6630,"93221 David Mountain
East Susanland, LA 14647",N,miles
211,Jeffrey Grant,163-67-9254,"524 James Rapids
West Heather, VA 91886",N,hours
212,Danny David,817-84-3119,"21743 Kevin Flat
Port Matthew, IL 65750",Y,miles
213,John Foley,047-66-6872,"2839 Smith Trace Suite 098
Amandaland, OK 30401",N,hours
214,Julie Hahn,385-72-8125,"9633 Mckenzie Shoal Apt. 174
New Thomasfurt, ND 83852",Y,hours
215,Thomas Ramirez,029-64-8155,"457 Steve Unions
East Alexandriaburgh, MO 38032",N,hours
216,Caleb Martinez,287-62-2308,"PSC 9862, Box 1630
APO AE 52312",Y,miles
217,Jacob Solis,798-01-4082,"30762 Stein Walk
South Gregland, WA 18214",N,miles
218,Michelle Smith,172-12-2191,"Unit 9188 Box 6284
DPO AP 76464",Y,miles
219,Raymond White,024-05-0401,"698 Ferguson Hollow
New Brittanyton, NV 07595",Y,hours
220,Thomas Chavez,113-06-8587,"286 Scott Heights
Tuckerland, ND 60695",N,miles
221,Michael Hernandez,216-96-2637,"6204 Campbell Bridge
New Christine, GA 98629",N,miles
222,Sharon Trujillo,028-96-7501,"4364 Wade Creek
West Jason, ND 89967",N,hours
223,Jacob Edwards,049-27-9033,"998 Davis Loop Apt. 261
Shawborough, MN 88997",Y,miles
224,Ryan Neal,048-62-0975,"963 Vanessa Forge Suite 679
Stevemouth, ND 69044",Y,miles
225,Matthew Pierce,800-26-7853,"4808 Barton Ferry Apt. 572
Ericfurt, NY 19527",N,miles
226,Rachael Rivas,690-27-0843,"9334 Jennifer Springs
Mayport, IL 33967",N,hours
227,Edwin White,305-52-9017,"796 Robinson Port Suite 447
Schneiderport, VT 76155",Y,miles
228,Cody Wagner,550-83-4155,"6237 Martinez Mountains
East Martin, WY 50679",N,miles
229,Tyler Sullivan,423-98-2111,"1848 Christina Vista Apt. 074
West Jenniferside, ND 18502",N,miles
230,Larry Hernandez,044-75-4407,"9788 Chan Stravenue Suite 311
Port Keith, ID 18924",Y,miles
231,James Thompson,781-92-5999,"9972 Kevin Stravenue Suite 479
East Susanmouth, NY 44033",N,miles
232,Jesse Bryan,235-56-3281,"00009 Doyle Skyway
Port Robinborough, MI 01375",Y,hours
233,Robert Massey,341-34-2703,"1923 Richard Manors
Bakerburgh, PA 39685",N,miles
234,Samantha Walker,781-12-7381,"49559 Alexander Highway Suite 415
Edwardsland, FL 82669",N,hours
235,Julie Davis,588-84-2905,"231 Karen Island Apt. 017
Rebeccashire, MP 99110",N,hours
236,Robert Thompson,509-11-3165,"285 Jeff Field Suite 153
New Stephanie, MS 75465",Y,miles
237,Charles Hughes,498-80-4931,"32868 Colleen Drive
West Jamie, NV 07954",Y,hours
238,Kevin Jones,678-16-2375,"896 Rodriguez Inlet Apt. 667
Danielsfurt, MH 93035",Y,hours
239,Barbara Campbell,016-23-4375,"9559 Berry Glen
New Samantha, WY 24789",N,miles
240,Joanne Hernandez,218-77-1152,"27127 Alexander Radial
Jasonburgh, IN 82815",Y,miles
241,April Flores,594-43-2390,"26182 Rebecca Prairie Suite 632
Lake Johntown, PR 18514",Y,hours
242,Fred Olson,738-93-7975,"9828 Anthony Green
Pamelafort, ID 31479",Y,hours
243,Luis Moore,317-26-1334,"43973 Rodriguez Rapids
East Gregoryton, NM 78129",N,miles
244,James Williams,480-04-6201,"3662 Sydney Crest Apt. 948
Paulstad, VT 07868",Y,miles
245,Tony Peterson,390-24-6039,"24633 Ronald Village Suite 778
Christopherstad, OR 65998",N,hours
246,Christopher Guerrero,313-31-5294,"04100 Smith Freeway
New Mistyside, MN 71884",Y,miles
247,Anna Hall,164-38-3011,"482 Welch Mountain Apt. 526
Lindseyville, KS 01189",Y,hours
248,Kristen Salazar,784-15-7904,"783 Patrick Forge Suite 669
Sheilaborough, FL 44079",N,hours
249,Denise Serrano,389-59-5193,"38633 Ward Mountain
New Mary, IN 67328",Y,miles
250,Kelly Owens,494-59-4722,"64732 Maxwell Mission Apt. 160
Calhounshire, IA 26950",Y,miles
251,Carla Beck,301-79-6711,"3435 Jill Harbor
New Amandastad, ME 68054",N,hours
252,Melissa Molina,537-60-0736,"PSC 2469, Box 5014
APO AP 36667",N,miles
253,Glenn Bean,537-33-2063,"700 Crystal Expressway
South Patriciaside, MA 42530",Y,miles
254,Lisa Mccoy,761-38-9893,"USS Myers
FPO AP 00857",N,hours
255,Laura Hayden,446-79-8892,"23288 Paul Vista Apt. 695
Brownport, NV 72562",N,hours
256,Zachary Calhoun,449-33-1101,"80491 Mueller Park Apt. 176
Carriefort, NJ 98089",N,miles
257,Christina Bentley,535-40-5389,"31897 Morris Centers Suite 698
Brandyberg, VA 10524",N,hours
258,Sheena Davis,061-49-2123,"4003 Andrew Via Apt. 352
East Jenniferton, WV 94247",N,hours
259,Timothy Frye,496-82-8306,"62429 Acevedo Locks
Lake Nicole, IA 82709",Y,miles
260,Edwin Young,852-83-4663,"163 Thomas Crossing Apt. 100
New Williamport, MH 80764",N,hours
261,Tonya Turner,527-51-1364,"484 Robert Spring Suite 163
West Larry, MP 19068",N,hours
262,Allen Cortez,446-52-5980,"400 Trujillo Vista
Joannaton, UT 08081",Y,miles
263,Scott Sanchez,691-88-6605,"340 Amy Hill
North Douglas, WI 35827",N,miles
264,Jessica Palmer,253-40-2383,"089 Laura Knoll
Lake Michelle, ID 27420",Y,miles
265,Lisa Blanchard,787-85-5408,"20487 Johnson Turnpike Apt. 887
Ruizberg, WI 52654",Y,miles
266,Jeremy Tate,343-61-9479,"139 Maria Mountains
Tammieborough, WI 78957",Y,hours
267,Daniel Anderson,487-26-4432,"38654 Elizabeth Valleys Suite 193
Rebeccafort, HI 79177",N,hours
268,Dr. Stephanie Evans,660-11-5298,"47217 Kenneth Mill Apt. 698
West Laurashire, KY 99200",N,miles
269,Charles Pope,159-48-9535,"643 Kelly Ford
West James, IA 75607",Y,hours
270,Kathleen Adams,056-34-4228,"2886 Murray Burg
Mooreville, RI 28808",Y,miles
271,Lindsay Murphy,529-09-4983,"860 Theresa Neck
Maryland, PA 12885",N,hours
272,Shaun Rogers,365-30-0362,"52740 Herrera Greens Apt. 358
Vincentfort, LA 63672",N,miles
273,Angela Wong,031-25-7535,"55907 Justin Mountain
Lake Allen, OK 59357",N,miles
274,Gary Patel,377-27-5199,"5592 Torres Pine Suite 116
Lake Brittany, KY 57919",Y,hours
275,Elizabeth Rogers,594-20-4525,"92240 Gibson River Apt. 995
New Anthony, IA 26143",Y,hours
276,Samuel Ritter,577-94-3037,"Unit 4807 Box 8933
DPO AP 60455",N,hours
277,Natalie Beard,525-76-8138,"692 Smith Coves
Brianside, TX 72418",N,hours
278,Jennifer Andrade,755-35-9083,"820 Jessica Plains Apt. 644
Johnstad, WA 71292",Y,hours
279,Manuel Hart,354-10-6322,"36248 Susan Harbors
North Kristenport, NC 41483",Y,miles
280,Stephanie Martinez,089-32-9723,"8645 Walker Hill
Singletonville, CT 90427",Y,miles
281,Kristina Watts,367-32-3993,"124 Kayla Inlet
Joshuahaven, PA 54734",Y,miles
282,Dennis Lopez,639-99-8831,"6286 Roberts Springs
Nathanielmouth, DE 14340",N,hours
283,Sharon Johnson,248-71-2774,"113 Hawkins Forks Suite 279
Lake Tiffany, DC 28969",Y,miles
284,Laurie Garrett,229-15-4758,"2624 Maria Village
North Shawn, MP 30496",N,miles
285,Robert Wilson,151-56-9325,"74776 Terry Stravenue Suite 417
Frankbury, VA 12627",Y,hours
286,Brian Ramirez,511-11-4941,"251 Cassie Knoll
Port Grant, PR 69627",N,miles
287,Marcus Kennedy,282-52-2419,"21650 Marcus Rapids Suite 415
Estradabury, CT 74421",Y,hours
288,Sergio Ramirez,792-25-2099,"90897 Tracey Cape
Hallview, MI 41824",Y,miles
289,Jordan Benson,835-67-5646,"722 Nancy Drives Apt. 178
South Samuel, AS 99748",Y,miles
290,Jacob Allen,832-93-8208,"985 Rojas Terrace
Kennethfurt, DE 14251",N,hours
291,Michael Hebert,502-77-8923,"Unit 3966 Box 5214
DPO AA 65918",N,miles
292,Gregory Martinez,269-10-2613,"27562 Natasha Point Suite 519
East Ericahaven, MI 89460",Y,miles
293,Michelle May,272-76-6415,"25139 Fitzpatrick Route
New Jeffrey, MS 48867",N,miles
294,Scott Alexander,471-21-7072,"72994 Cruz Forks Suite 952
Gabriellehaven, AZ 94468",N,miles
295,Daniel Wilcox,167-47-3373,"USCGC Bradley
FPO AE 77832",N,hours
296,Mario Lee,537-46-5829,"653 Hodge Valleys Suite 251
Bautistaport, GU 04071",Y,hours
297,Barbara Dennis,476-50-9362,"PSC 7215, Box 4099
APO AA 20756",Y,hours
298,Leah Sellers,276-85-0517,"621 Kevin Rest Apt. 934
North Isaac, SC 89421",N,miles
299,Carolyn Lewis,822-99-1293,"PSC 6436, Box 1725
APO AA 53403",N,miles
300,Ruth Hull,691-45-7339,"47056 Nancy Roads
Tracymouth, NH 10830",N,miles
301,William Jones,384-08-3469,"5406 Todd Freeway
Lake Lisafurt, WY 53366",N,miles
302,Jonathan Jackson,320-75-3566,"81023 Harper Burg
East Larryville, GU 61463",Y,miles
303,Stephanie Ferguson,565-29-6812,"5975 Robin Vista
East Michelle, MA 86483",Y,hours
304,Anita Melton,465-51-1012,"USS Hill
FPO AA 17447",N,miles
305,Ryan Miller,706-31-9598,"3124 Donald Creek
Port Cameron, RI 79639",Y,miles
306,Christopher Curry,841-17-3478,"025 Hughes Harbors
Rebeccaville, AK 43243",Y,hours
307,Michael Harvey,660-05-9763,"304 Kim Forest Suite 105
South Brianashire, HI 13629",Y,miles
308,Christian Jordan,809-64-1787,"Unit 1129 Box 9886
DPO AA 80776",N,miles
309,Heather Wilson,193-67-9639,"576 Donna Spring Suite 744
North Pamelafurt, AS 48466",N,hours
310,Tonya Reilly,141-87-1023,"2198 Jackson Trace
Lake Carrieton, ME 17547",Y,miles
311,Robert Carpenter,609-02-1362,"8433 Benjamin Plaza Apt. 389
Richardbury, MO 31310",N,hours
312,Amanda Archer,524-19-3246,"2453 Mckenzie Shoals
West Steven, NM 89648",N,miles
313,Marie Gay,412-66-0740,"495 Kevin Forest Apt. 143
East Bryanshire, TN 90575",N,hours
314,Jacob Strong,177-68-8400,"64795 Petersen Plains
Port Elizabethmouth, NH 85434",N,miles
315,Scott Doyle,274-61-2419,"898 Lisa Course Apt. 443
Elizabethtown, DC 34884",N,miles
316,Jacqueline White,317-16-7260,"410 Johnson Trafficway Apt. 688
Port Cynthia, AZ 13259",N,miles
317,Mark Green,227-93-6731,"19356 Lisa Road
Lake Kevin, LA 37978",Y,miles
318,George Gilmore,549-96-0809,"099 Norman Overpass Suite 749
New Leslieville, NE 37790",N,miles
319,Joseph Sandoval,392-10-3547,"809 Glenn Centers
Port Chelseachester, WI 36205",Y,hours
320,Eric Reed,706-92-7780,"005 Bush Stream Apt. 367
Clarkville, NJ 31757",N,miles
321,Diana Vargas,407-77-2960,"8709 Margaret Estates Suite 357
Vasquezton, GA 33455",Y,miles
322,William Harrell,372-82-6656,"849 Nguyen Ville Suite 768
East Michael, UT 76733",Y,hours
323,Jesse Bond,700-38-3353,"9896 Michael Spring Suite 596
South Kendra, MP 51581",N,miles
324,Robin Thomas,736-48-1593,"158 Cunningham Landing
Lake Laura, IL 55849",Y,hours
325,Scott Mendoza,716-78-6390,"5738 Phillip Fork
South Matthewchester, AK 84685",N,hours
326,Jessica Price,839-84-9947,"714 Claudia Gardens
West Bradley, AK 33811",Y,miles
327,Luke Gonzales,595-29-6012,"71810 Patterson Green Apt. 601
Paulfurt, IL 59904",N,hours
328,Donna Larson,656-40-7634,"45903 David Unions
East Austin, CA 19503",Y,miles
329,Janet Sparks,053-48-4208,"456 Kara Glen Suite 550
Johnview, FL 82638",N,miles
330,Jessica Brown,872-53-6750,"752 Christopher Circle Apt. 174
Comptonton, MA 72437",N,hours
331,Cindy Neal,161-92-8600,"592 Elizabeth Springs Suite 264
North Daniel, MP 17451",Y,hours
332,Andrew Burton,485-91-6610,"5626 Garrett Freeway
New Cherylmouth, IA 18734",N,miles
333,Cole Tran,118-08-4385,"6039 Debra Oval
Hayesmouth, KY 42526",N,miles
334,Nicole Smith,263-89-5358,"USS Woods
FPO AP 47326",N,miles
335,Derrick Rios,035-30-7637,"578 Andrea Garden
Clarkbury, VI 49337",Y,miles
336,Julie Newton,003-62-7443,"580 Roberts Mountains Apt. 540
Smithhaven, PA 57178",N,hours
337,Jared Camacho,490-98-6441,"USNV Lee
FPO AE 21341",Y,hours
338,Melissa Smith,602-15-8446,"8796 Thomas Path
North Matthewborough, CO 57717",Y,hours
339,Michelle Schaefer,429-43-3024,"102 Cesar Plaza Suite 212
Lake Tristan, NV 69836",Y,hours
340,Lauren Guerra,088-52-3753,"46128 Dawn Port
South Travis, PR 46553",N,hours
341,Norman Chapman,550-93-9886,"413 Johnson Drive Suite 660
Leemouth, PA 20493",N,hours
342,Lisa Beck,611-46-4777,"7751 White Valley
West Pamela, MH 13671",Y,miles
343,Greg Sanchez,330-28-5885,"340 Melissa Trail
North Monicaview, FM 83954",N,miles
344,Patricia Hoffman,002-99-0261,"828 Kim Plaza
Christophershire, OK 16206",Y,hours
345,Stephen Ellison,810-62-6515,"565 Michael Circle Suite 116
Williambury, PW 61956",N,hours
346,Aaron Smith,464-37-3381,"372 Tyler Groves
Meyerville, WI 87045",N,miles
347,Maria Wright,401-07-1332,"543 John Parks
East Patrick, NM 49479",N,hours
348,Jordan Williams,056-44-5872,"26155 Gonzales Square
Bartonchester, NV 51872",Y,hours
349,Nancy Alvarado,146-32-2085,"7908 Mclaughlin Lane Apt. 728
Danielport, PW 02035",Y,miles
350,Ronald Davis,325-18-3577,"26227 Dylan Course
Gibsonfurt, KY 09383",N,miles
351,Joyce Garcia,041-76-7159,"3152 Corey Squares
Lake Jeffreystad, OR 77781",Y,miles
352,Ashley Jones,462-11-7815,"0402 Johnson Pike Apt. 985
Morrishaven, RI 55321",Y,miles
353,David Edwards,343-73-8005,"212 Mcdowell Forks
Bentonland, TX 61521",N,miles
354,Raven Coleman,119-20-6726,"61413 Kramer Pass Apt. 711
Lake Shaneburgh, FL 13116",N,hours
355,Sarah Barajas,388-63-0310,"1859 Robert Alley Apt. 371
Elizabethmouth, UT 52479",Y,miles
356,Darlene Romero,761-63-2626,"4583 Riley Fork
Robertfurt, VA 42503",Y,miles
357,Bruce Robinson,772-45-4179,"37997 Ramirez Lodge
Boyleville, HI 81888",N,hours
358,Christopher Trevino,059-94-3339,"7102 Adrian Viaduct Apt. 515
West Jennifer, OK 34747",N,miles
359,Jennifer Aguilar,470-82-0319,"620 Patrick Road Apt. 834
Port Howardfurt, OH 81522",Y,hours
360,Christy Walker,510-97-1641,"0889 King Circles Suite 792
Dawnchester, OR 74671",N,miles
361,Gary Gordon,313-86-5438,"80570 Christina Light Apt. 259
Michaelfurt, CO 94732",Y,miles
362,Kelly Lewis,428-53-3234,"193 Eaton Field Suite 356
Markhaven, FM 44541",Y,miles
363,Joe Tanner,186-46-3085,"Unit 4894 Box 5637
DPO AA 64811",N,hours
364,Katelyn Wagner,179-15-2955,"63298 Katherine Tunnel Apt. 600
New Anthony, PW 83691",Y,hours
365,Jason Dunn,045-27-3060,"69738 Travis Trail
Zacharyton, SD 92301",Y,hours
366,Eric Maldonado,479-34-3632,"07505 Mcintyre Club
Perezport, FL 25205",Y,hours
367,Patricia Miller,369-09-9469,"335 Leslie Wells
Port Bradleyfort, WY 59985",Y,hours
368,Jennifer Velez,768-07-7141,"08401 Banks Stream Apt. 754
Lake Anthony, NH 37866",N,miles
369,Mary Cooper,635-35-8499,"8566 Alexander Land
Nguyenland, AL 94907",N,miles
370,Scott Miller,376-81-5235,"9940 Tara Meadow
North Edwinstad, NM 35732",Y,miles
371,Jasmine Tucker,550-85-7649,"189 Gary Field
Adrienneview, RI 80528",Y,hours
372,Megan Ramirez,824-14-4480,"22046 Erickson Radial Suite 928
Michaelborough, KS 02664",Y,miles
373,Sean Martinez,468-37-2805,"21702 Gomez Creek Apt. 921
Port Samantha, MA 16475",N,hours
374,Robert Koch,791-68-9280,"960 Joshua Isle Apt. 887
East Martha, FL 92104",Y,hours
375,Jonathan Myers,256-61-0200,"0599 Brandon Stream Apt. 379
New Jesse, WI 03053",Y,miles
376,Christopher Brown,249-16-4516,"6913 Lewis Creek Suite 950
Sarahhaven, MN 73203",Y,miles
377,Julie Soto,584-47-3243,"897 Michael Squares Apt. 225
Gonzalezhaven, MT 00505",Y,miles
378,Cheryl Mcmillan,207-77-2441,"3704 Hunter Port
Duncanmouth, AK 06620",N,miles
379,Ann Mullins,219-95-9986,"342 William Harbor Suite 894
North Ericchester, PA 82490",N,miles
380,Keith Russell,509-11-8481,"PSC 7889, Box 8379
APO AP 99757",N,miles
381,Jeffrey Hughes,809-67-4161,"USCGC Wilson
FPO AA 54914",N,miles
382,Richard Smith,627-02-5630,"216 Brianna Rapid Apt. 284
Josemouth, SD 78260",Y,miles
383,Raymond Guzman,168-69-2169,"0160 Harvey Pass Suite 122
South Samuelton, DC 16245",Y,hours
384,Patricia Alexander,521-73-5833,"868 Williams Mountains Apt. 471
Port Lindsey, IA 36236",Y,hours
385,Elizabeth Ortiz,125-84-5129,"7781 Taylor Estate
Anthonyland, CT 14956",N,miles
386,Alexandria Gallegos,712-65-6968,"76050 Williams Key Suite 454
East Georgeborough, VI 04033",N,hours
387,Debra Kelly,331-81-7785,"571 Brittany Manor Suite 803
Adamfurt, AK 84833",N,hours
388,Jeremy Simmons,892-79-9876,"254 Lee Village Suite 276
Juliamouth, NJ 16216",Y,hours
389,Robert Nelson,036-19-2782,"00998 Vasquez Landing Apt. 052
Austinview, AL 43533",N,hours
390,William Reynolds,190-22-2551,"8723 Stephanie Rapids
New Brandon, PW 65708",N,hours
391,Mark Romero,028-47-6249,"657 Pace Park Suite 688
New Andrewfurt, IL 19776",Y,hours
392,Kevin Ferguson,558-95-7825,"69595 Price Mews Suite 277
Jessicashire, KY 60713",Y,hours
393,Deborah Hardy,451-16-6530,"11184 Ramirez Branch
Tammymouth, TN 83069",Y,hours
394,James Cardenas,038-93-7530,"93639 Patterson Park Apt. 985
Williamsview, NJ 16815",Y,miles
395,Joseph Murphy,858-33-1510,"14190 Alison Isle
South Heather, NV 91011",Y,hours
396,Jasmine Beasley,746-28-3565,"3036 West Radial Apt. 262
Lake George, AS 84051",Y,miles
397,Ryan Tanner,034-64-8637,"62473 Kevin Cove Apt. 076
Lake Kristopher, PA 46167",Y,hours
398,Michelle Thompson,755-99-5388,"2593 Karen Crossroad
Lake Billville, OK 85510",Y,miles
399,Austin Anderson,470-11-7066,"02770 James Squares
South Margaretborough, MT 67439",N,miles
400,Russell Anderson,675-87-0057,"5958 Campbell Hills Suite 572
West Nathanton, NM 86785",N,miles
401,David Russell,624-32-5877,"4635 Brown Pine
Port Jasonfurt, WV 28409",N,miles
402,Jessica Jacobs,022-48-6278,"71595 Velazquez Stravenue
New Raymondshire, SD 81733",Y,miles
403,Jeremy Walker,197-47-3628,"7700 Martinez Orchard
East Jeffrey, HI 18790",Y,hours
404,Jeffrey Peterson,871-86-6577,"USCGC Love
FPO AE 15883",N,miles
405,Dr. Vanessa Jackson MD,056-08-3440,"09879 Flores Valley Apt. 578
East Jason, TN 68480",N,miles
406,Heidi Garcia,247-32-6617,"073 Jason Islands Apt. 686
South Angela, SC 38379",Y,hours
407,David Simpson,156-03-8857,"359 Williams Pike
Lorishire, NV 71028",N,hours
408,Mary Thompson,597-95-0444,"5842 Mccarthy Loaf Suite 633
Lorettatown, IL 55845",Y,miles
409,Jenna Noble,851-52-3859,"33994 Rachel Camp Suite 338
Lake Katherineberg, VI 18995",N,hours
410,Mr. Todd Davis,280-98-3964,"200 Prince Gateway
North Jessicaville, HI 48756",Y,miles
411,Richard Montgomery,531-87-1763,"Unit 3417 Box 3168
DPO AA 39249",Y,miles
412,Renee Smith,802-43-8324,"17272 Wilson Harbor
Byrdfort, VT 44063",Y,hours
413,John Sanders,220-09-3815,"27393 Patricia Lake
Rosaleshaven, NJ 81593",N,miles
414,Danielle Phillips,879-71-3687,"PSC 5078, Box 9717
APO AA 53364",N,miles
415,Paula Campos,211-09-6319,"4612 Taylor Mountain Suite 597
Port Valerie, NH 46188",Y,miles
416,Aaron Fuller,383-19-1580,"056 Callahan Summit
North Clinton, NM 84229",N,hours
417,Dr. Jamie Bailey,862-46-4450,"030 Jack Highway
Loveville, AS 19763",N,miles
418,Michael Abbott,582-90-5724,"513 Nunez Cliffs
East Adrienne, OK 30367",N,miles
419,Maria Lee,447-35-5248,"06079 April Meadows Apt. 044
New Joshuastad, MT 42842",N,miles
420,Joseph Simmons,720-84-9194,"3427 Ryan Forges Suite 689
East Regina, CA 52581",Y,miles
421,Kathleen Perkins,865-44-2907,"41329 Dakota Spur
Arianaview, NM 34312",N,miles
422,Ashley Jackson,188-25-5569,"292 Fitzpatrick Rest
West Michaeltown, WA 62099",Y,miles
423,Elizabeth Rowe,584-58-2469,"USNV Reilly
FPO AP 63610",Y,hours
424,Henry Kennedy,897-70-4206,"561 Justin Plains
Williambury, CA 99748",N,hours
425,Olivia Mcgee,525-08-5045,"4995 Sanders Views
West Morganton, TX 16780",N,hours
426,Steven Burton,330-97-0060,"6780 Beth Grove Suite 911
South Austinshire, NY 20544",Y,miles
427,Holly Harris,729-06-0790,"2791 Lacey Divide Apt. 112
Port Steven, WI 35431",N,hours
428,Karen Robinson,184-99-6973,"379 Nicholas Meadows
Jasonfurt, MN 13678",Y,hours
429,John Pacheco,062-35-4409,"0820 Phillips Loaf Apt. 394
South Amandamouth, FL 42630",N,miles
430,Kelly Middleton,453-06-6953,"64633 Paul Divide
Donaldland, OH 21029",N,miles
431,Erik Graham,863-66-5562,"USNS Brown
FPO AP 03932",N,hours
432,Eric Jones,656-83-0910,"65282 Adam Hill
Anthonyberg, PR 94900",N,hours
433,Kevin Bryan,842-92-1760,"4130 Jacob Mall Apt. 938
Sarahmouth, CT 09643",N,miles
434,Bethany Carr,678-48-4534,"13484 Macias Extension Apt. 595
Josephmouth, TX 41761",N,miles
435,Kathleen Robertson,004-56-9777,"930 Joshua Cliff Suite 457
Schmidtport, KY 46942",Y,hours
436,Kelsey Roman,232-36-9081,"3266 Miller Run
New Tina, NM 20008",N,miles
437,Mary Castillo,192-34-1579,"92176 Karen Lake Suite 861
Millershire, MS 43664",N,hours
438,Katelyn Black,518-07-1675,"04839 Cynthia Isle
Henryhaven, KS 99320",N,miles
439,Jennifer Ferguson,459-69-2827,"92675 Kennedy Mountain
Wrightshire, NM 02124",Y,hours
440,Mrs. Lindsey Neal DDS,674-26-1113,"12547 Lopez Vista Apt. 097
Greenborough, ID 46365",Y,miles
441,Benjamin Campbell,146-77-9593,"828 Alexander Squares
North Douglasstad, ND 61678",Y,miles
442,Katrina Clark,573-52-7630,"026 Melinda Trail
East Ashley, TX 12805",Y,hours
443,Todd Herrera,254-52-4887,"17664 Amanda Street Suite 756
Port Lisa, ND 47780",N,miles
444,Joshua Drake,462-38-3814,"2542 Judy Centers
Lake Jeffrey, MT 70811",N,hours
445,Allison Hernandez,021-50-9434,"0851 Debbie Trafficway Apt. 677
South Michael, AS 34030",Y,miles
446,Christopher Mccarty,142-30-3682,"477 James Drive
Richardchester, DE 03648",Y,miles
447,Steven Smith,472-44-3586,"9616 Jones Burgs
Lake Louismouth, DE 48633",Y,miles
448,Henry Bowen,510-85-0689,"606 Juarez River
West Catherineton, MT 54947",Y,miles
449,Brian Wade,644-49-3581,"7655 Taylor Mill Apt. 913
Stephanieport, AR 72732",N,hours
450,Meghan Mcdowell,617-56-5734,"3340 Karla Rest
Marshborough, IL 34444",Y,miles
451,Charles Hawkins,043-63-5488,"1719 Brandon Bridge Apt. 183
Jennifermouth, NE 61338",Y,hours
452,Lisa Leblanc,688-85-0978,"437 Jennifer Union Suite 754
Lake Olivia, MT 56897",N,hours
453,Jason Morales,516-68-0932,"98700 Scott Summit Suite 729
South Williammouth, VI 20772",Y,miles
454,Heather Lewis,459-37-8808,"5103 Williams Square Apt. 364
Millershire, MP 08342",N,hours
455,Crystal Russell,579-84-8947,"896 Evan Flats Suite 008
Murphybury, CA 00530",Y,miles
456,Thomas Adams,741-71-2423,"Unit 7923 Box 0103
DPO AE 95885",N,hours
457,Wendy Wolf,173-48-5089,"17139 Mark Mountain
Lake Nicolefurt, NV 43132",N,hours
458,Corey Perez,110-04-6613,"59922 Malone Course Suite 274
Lake Matthewborough, AS 38418",N,hours
459,Mary Schmidt,648-96-7303,"1409 Sandra Ridge
Fowlerton, OK 39073",Y,hours
460,Heather Ortega,706-87-2667,"90959 Thomas Mountains
Port Donnamouth, MP 71278",N,hours
461,Kristen Morris,591-71-5637,"4469 Clark Villages
East Lindseyport, OK 86823",Y,miles
462,Joshua Hall,233-41-2956,"342 Reid Stream
Scottborough, SC 89005",N,miles
463,Brian Howard,653-94-8738,"90151 Sarah Drive
Moorechester, AS 60317",N,miles
464,Heather Smith,104-40-9794,"USNS Schultz
FPO AA 37393",Y,miles
465,Deborah Patterson,694-51-5806,"1703 Sean Throughway Suite 187
Timothyland, AS 62916",Y,miles
466,John King,213-83-4349,"Unit 7833 Box 1466
DPO AP 11333",N,miles
467,Jody Moore,877-69-3198,"0854 Lewis Ville Apt. 871
New Williamfurt, OK 09767",N,hours
468,Mr. Jonathon Stone,169-94-7147,"Unit 0545 Box 2468
DPO AP 41502",N,hours
469,Corey Grant,180-41-6950,"45018 Cisneros Views Apt. 940
Connieville, OR 88631",N,hours
470,Frederick Rogers,668-40-2699,"58081 Kevin Manor Apt. 571
Josephfort, NH 50280",N,hours
471,Susan Mejia,434-92-2504,"USNS James
FPO AP 86337",N,miles
472,Larry Powell,156-72-2367,"18126 Carpenter Burg
North Holly, MH 56503",Y,hours
473,Mark Davis,001-94-4551,"215 Barbara Lodge
Lake Deborahberg, FL 26428",Y,hours
474,Emily Wise,536-12-0622,"16174 Kaiser Villages Apt. 935
Jonathanville, LA 52804",Y,miles
475,Edgar Cochran,191-97-6688,"23270 Regina Ranch Suite 649
Sandramouth, MA 67525",Y,hours
476,Hailey Baird,346-69-3991,"0545 Megan Bypass Apt. 945
East Cathy, NV 93605",Y,hours
477,Mikayla Rojas,242-23-2989,"455 Spencer Gardens
West Cynthialand, AR 56788",N,miles
478,Jessica Gaines,896-44-5681,"7903 Copeland Ports Suite 041
Danielleville, OR 45247",Y,miles
479,William Brooks,279-94-8173,"619 Kristen Lodge
Port Daltonstad, ME 96680",N,hours
480,Brett Knox,773-15-9472,"665 Jason Plain
Lake Patrickfurt, AK 56841",Y,hours
481,Ian Arnold,139-31-3871,"741 Joseph Grove Apt. 493
East Gabrielleland, GU 05486",N,hours
482,Steven Gordon,214-61-4777,"1931 Amanda Village
Mitchellchester, WA 14574",Y,hours
483,Hunter Cox,042-36-3532,"87368 Austin Lake
Matthewton, KY 26249",N,miles
484,Wesley Wright,683-78-0668,"PSC 7855, Box 0141
APO AP 42365",N,hours
485,Scott Stevenson,201-19-7700,"273 Atkinson Rest
South Nicole, GA 21307",Y,miles
486,Jerry Morrison,024-38-4346,"332 Denise Terrace
Priceland, CT 73595",Y,miles
487,Gary Lee,483-79-8825,"0366 Aguilar Lights
Kyleburgh, RI 39779",N,hours
488,Patrick Murphy,471-89-5370,"USNS Miller
FPO AE 02392",N,miles
489,Erin Flores,846-93-0053,"26656 Jackson Harbors Suite 769
Webbberg, NV 18996",Y,hours
490,Sabrina Richmond,453-55-4147,"64795 Megan Coves
Duncanport, NC 85584",N,hours
491,Madison Rios,012-85-7176,"575 Thomas Bypass
Lake Ronaldfurt, KY 57635",Y,miles
492,Michael Castillo,187-96-1179,"PSC 6912, Box 0537
APO AP 97374",Y,miles
493,Kathleen Ford,130-28-5741,"7166 Gabriela Well
Port Shawna, ME 81404",N,miles
494,Christopher Buckley,267-51-9019,"75213 Clark Lane
South Stephanie, NE 56568",N,miles
495,Kimberly Villanueva,613-57-0566,"05713 Amber Way
North Seth, MA 44290",Y,miles
496,Anthony Thornton,199-42-0067,"0212 Burke Estate Apt. 532
Joshuatown, NJ 77817",Y,hours
497,Kimberly Lewis,757-35-9176,"77935 Nancy Square
Jordanfort, MO 25035",Y,miles
498,Stephen Robbins,624-52-8741,"818 Lisa Vista Suite 101
Obrienview, SC 31359",Y,hours
499,Brooke Sanders,181-45-6259,"12607 Gilbert Port
West Yesenia, PW 13860",N,hours
500,John Gutierrez,761-53-2995,"173 Walton Village Apt. 857
Perezview, NC 72314",N,hours
501,Brian Davis,243-46-0171,"6346 Martin Summit
Adamshaven, MP 94971",N,miles
502,Justin Webb,790-68-7956,"4110 Michael Trail Apt. 802
Gloverland, GA 19377",N,miles
503,Rebecca Rogers,720-32-6524,"USNS Wright
FPO AP 14969",N,miles
504,Kevin Evans,837-28-5651,"0073 Rodriguez Gateway Apt. 476
South James, CA 57404",Y,hours
505,Justin Gordon,583-47-8149,"09373 Gloria Valley
Davidstad, KS 91807",N,hours
506,Randy Stokes,479-32-7999,"USNV Sullivan
FPO AE 48406",Y,hours
507,David Mendoza,340-39-7509,"30909 Newton Lodge Apt. 683
Rubenmouth, GA 75189",Y,hours
508,Kristen Evans,530-02-0892,"3006 Owen Trail
Josephberg, KS 62049",Y,miles
509,Denise Rodriguez,613-52-7072,"4427 Nicholas Views
Johnland, HI 02027",Y,hours
510,David Singh,170-21-1144,"35490 Jeffrey Hollow Suite 097
North Scottburgh, FL 39351",Y,miles
511,Tonya Ayers,131-09-9468,"6870 Harris Way Suite 977
Alexanderborough, TX 12743",N,miles
512,Linda Chambers,139-66-4215,"7573 Christy Stravenue Suite 909
Kerrview, WY 69429",N,miles
513,Ryan Jackson,218-24-8122,"48513 Caitlin Ridges
North Cynthia, UT 62025",Y,hours
514,Chelsea Donaldson,368-40-4705,"3694 Thompson Mission
Conniefort, NM 39672",N,miles
515,Laura Harrell,404-13-4387,"9768 Martin Pike Suite 688
Hillside, GU 41361",Y,hours
516,James Castaneda,622-71-7826,"919 Foster Junction Suite 439
Bensonside, OR 43491",Y,miles
517,Scott Lewis,338-79-8914,"293 Jodi Squares Apt. 998
New Michele, IN 79786",N,miles
518,Dr. William Blankenship,390-77-7893,"9948 Esparza Brooks Suite 312
Scottfort, NM 99128",N,hours
519,Julie Fernandez,490-15-3639,"461 Brown Squares Apt. 685
Lake Emilychester, AR 67822",N,miles
520,Martha Coleman,172-13-0008,"62930 Werner Roads
Darrellhaven, FM 28453",N,miles
521,Holly Austin,843-71-9394,"691 Chad Estate
Oneillburgh, NH 72155",N,miles
522,Nathaniel Richardson,270-93-0731,"9731 Bush Landing
South Alexton, SD 80841",Y,miles
523,Scott Mullins,411-08-5862,"906 Bradley Mews
Moorestad, OR 40935",Y,miles
524,Laura Mendoza,341-87-0630,"PSC 3685, Box 7137
APO AA 35213",Y,miles
525,Morgan Hunt,573-33-0118,"828 Price Walk
East Charlesberg, SC 31514",N,miles
526,Jodi Garcia,593-58-7983,"266 Escobar Summit
Port Mallory, CO 73670",Y,hours
527,Todd Acosta,215-59-3579,"47299 Andrew Overpass Apt. 963
Darrylstad, CO 81945",N,hours
528,Austin Taylor,324-98-9139,"018 Combs Court
West Karen, VT 91586",N,hours
529,Lisa Mack,632-98-6261,"38224 Davidson Inlet
Port Cory, ID 42175",N,miles
530,Selena Patel,624-98-4532,"07266 Cynthia Neck Apt. 838
Ericafort, MH 02612",N,miles
531,Angelica Snyder,412-39-4609,"USNS Russell
FPO AE 71985",N,hours
532,Jennifer Walker,255-12-2885,"85242 Sharon Plaza Suite 135
Donaldfurt, KS 11580",Y,miles
533,Kyle Hawkins,312-98-7308,"721 Hess Road Apt. 041
Pearsonview, NM 27782",N,hours
534,Katie Snyder,563-86-1645,"8376 Jeffrey Loaf Suite 467
New Stevenhaven, DC 39108",Y,miles
535,Michelle Braun,007-46-1457,"820 Ayers Circles Suite 907
Emilyfurt, KY 45366",Y,miles
536,Jack Dean,719-40-6700,"154 Jenkins Inlet Suite 462
Port Paul, VI 13578",Y,miles
537,Thomas Anderson,178-24-6070,"25454 Campbell Garden
South Brianchester, MS 68131",N,hours
538,Shane Christian,734-48-3758,"7624 Lisa Forks
Nguyenville, OK 10916",Y,hours
539,Jennifer Paul,619-17-2792,"755 Mcmahon Green
Nealshire, FM 71287",Y,miles
540,Joseph Roberts,792-64-6278,"695 Gina Brook
South Samuel, NE 15990",Y,miles
541,Matthew Aguilar,239-94-7980,"USS Henderson
FPO AA 67783",N,miles
542,Jennifer Proctor,032-03-5667,"58973 Berry Flat
Lake Richard, VA 72909",Y,miles
543,Gene Taylor,149-10-9095,"PSC 3003, Box 0775
APO AP 15438",N,hours
544,Teresa Charles,764-37-8367,"45973 Larson Walk
Youngfort, NJ 09360",N,hours
545,Ernest Hill,381-79-7031,"9531 Perry Trace
South Jennifer, MP 01091",Y,hours
546,James Morris,646-05-4403,"433 Gardner Squares
South Michael, VA 67179",Y,miles
547,Erin Alexander,153-73-6422,"12241 Harold Loaf Apt. 958
East Ronald, NY 56181",N,miles
548,Lawrence Moore,604-51-9033,"776 Garcia River Suite 742
Hintonside, MH 95613",N,miles
549,Douglas Lynch,732-83-8437,"62114 Knapp Garden
New Robert, NY 49815",N,hours
550,Melvin Mejia,245-26-8955,"PSC 2160, Box 9366
APO AA 15298",Y,miles
551,Thomas Marquez,593-27-7093,"256 Marisa Isle
Port Shannonburgh, RI 43820",Y,miles
552,Michael Jackson,020-14-7909,"681 Allison Fork Apt. 661
North Wendy, IA 53226",N,hours
553,Ryan Welch Jr.,243-45-9253,"02246 Samantha Lakes
West Matthew, MP 82226",N,hours
554,Taylor Horn,022-40-6350,"671 Robin Grove Suite 392
Port Alyssafurt, UT 88319",Y,miles
555,Brent Gutierrez,504-55-5291,"0086 Gregory Mountains
Stoneside, NV 61557",Y,hours
556,Jessica Smith,182-23-3333,"18772 Jacob Terrace
Kimberlymouth, AL 43199",Y,hours
557,Carlos Tucker,436-20-0624,"463 Williams Greens Apt. 416
West Gregoryborough, MH 14610",Y,hours
558,Erin Duarte,777-26-1026,"71447 Mata Crest
West David, FM 55311",N,hours
559,Valerie Rodriguez,017-14-1547,"25126 Jacobson Glens
North Dianafort, DC 52373",N,miles
560,Carol Becker,051-36-1809,"0981 Murray Lane Suite 528
Amberview, GA 08732",Y,miles
561,Carlos Thompson,651-28-2655,"USS Young
FPO AE 02065",N,hours
562,Chelsea Baldwin,781-21-6179,"40101 Castillo Course Suite 484
Mirandamouth, AZ 67384",N,miles
563,Gregory Velez,509-49-0093,"4801 Justin Roads
Smithmouth, NC 29776",N,miles
564,Clarence Mitchell,286-45-4794,"54245 Adkins Well Apt. 013
Lake Amandaport, RI 53209",N,hours
565,Joel Ramirez,675-63-1427,"12504 Johnson Land Suite 847
Jasminemouth, IA 40599",Y,hours
566,Kimberly Turner,002-55-3845,"44262 Perkins Falls Suite 235
South Cameronborough, IA 01061",N,miles
567,Mr. Dennis Gonzalez,563-11-8453,"713 Guzman Pine
Port Nicholas, WA 34658",N,miles
568,Kathy Green,897-10-4289,"7908 Megan Crossing
East Shane, MH 85203",N,hours
569,Adam Foster,720-89-4662,"6841 Benjamin Cliff
Woodsbury, ND 22658",Y,hours
570,Jacob Whitney,537-63-6175,"449 Miller Villages
Port Gregory, IA 96740",Y,hours
571,Jeremy Short,779-82-8268,"0831 Jones Island Apt. 034
East Aprilshire, ND 02432",Y,hours
572,Darrell Watson,103-63-9500,"32064 Graham Oval
Parkburgh, AZ 96228",N,hours
573,Donna Morales,779-22-3094,"4459 Denise Loop
Lindafort, CA 69597",N,hours
574,Jane Ramirez,849-10-3632,"90601 Amy View Apt. 992
Yatesshire, NM 89891",Y,miles
575,Ms. Nicole Young,481-36-5472,"86403 Morgan Park
Port Gary, UT 87124",Y,hours
576,Thomas Mercer,785-40-7224,"6412 Santos Light
West Patrickchester, LA 01333",N,hours
577,Christopher Brandt,071-43-4799,"Unit 5500 Box 7612
DPO AP 75402",Y,miles
578,Michael Murphy,818-63-1559,"111 Cynthia Ways Suite 750
New Kelsey, LA 56194",Y,miles
579,Chelsea Gonzalez,745-52-8896,"2326 Jason Trafficway Apt. 726
Bennettberg, DC 94999",N,hours
580,Alexandra Adkins,743-75-4265,"25733 William Coves Suite 157
Williamhaven, AZ 56897",Y,miles
581,Michelle Walker,842-54-0797,"22776 Miller Estate Suite 306
Piercechester, DE 89422",Y,hours
582,Alexandria Carlson,774-85-6803,"02964 Mcmillan Mill Suite 749
West Lindseychester, NM 06075",N,hours
583,Kelly Thomas,377-69-5475,"887 Thomas Path
Hernandezborough, VT 19379",Y,hours
584,Tracey Carroll,027-84-1557,"214 Mark Drives
Lake Elizabeth, WY 66613",Y,hours
585,James Mosley,737-48-4171,"77654 Duran Motorway
Smithton, MD 89029",N,hours
586,Ashley Owens,588-37-2600,"0207 Tucker Alley Suite 072
Smithton, UT 24006",N,miles
587,Chad Benson,315-54-1430,"259 Anthony Falls
South James, AS 98832",N,hours
588,Gregory Morrow,539-10-4923,"497 Brown Station
Churchland, WA 57673",Y,hours
589,Renee Roberts,437-83-8061,"243 Howard Rest
Moorestad, DC 77053",N,miles
590,Amanda Simmons,702-77-2757,"454 Fox Loaf Apt. 757
North Justin, ND 22950",Y,hours
591,Kelly Blake,142-32-9148,"92776 Clinton Shoal Apt. 345
Jeremytown, MH 25046",Y,miles
592,Rebecca Myers,019-75-7845,"3158 Suzanne Meadows Apt. 326
Port Jennifer, OK 82120",Y,miles
593,Stephen Robinson,210-07-5615,"Unit 9896 Box 5834
DPO AA 40214",N,miles
594,Margaret Ruiz,796-14-7063,"5712 Soto Locks Apt. 799
Michaelstad, NV 28876",Y,hours
595,Sean Andrews,600-07-6275,"3049 Destiny Stravenue Apt. 084
West Anita, SD 66689",Y,hours
596,Tony Gallegos,584-42-9699,"9803 Hernandez Mountains Suite 469
South Cherylstad, AL 96639",Y,hours
597,Alan Jones,472-09-6703,"PSC 3336, Box 0067
APO AP 44940",N,miles
598,Chris Rosales,722-75-1749,"22952 Mary Falls
Larrystad, DC 13128",N,hours
599,Bryan Love,783-26-6096,"42373 Tucker Garden
North Karen, NJ 20086",Y,hours
600,Ariel Hernandez,524-12-1179,"2190 Jessica Field
Montoyaberg, CO 74157",N,hours
601,Emma Martin,401-38-2861,"0068 Michelle Prairie
New Michelle, FL 73766",N,hours
602,Leslie Mccoy,400-61-3142,"60081 Adam Unions
East Karenfurt, FL 37291",Y,miles
603,Christina Johnson,721-40-4573,"926 Ware Via Suite 007
Gilbertview, MN 01677",Y,hours
604,Thomas Mack,203-30-4619,"1343 Castillo Crossroad Suite 484
Port Alexanderchester, FL 80793",Y,hours
605,Kevin Knight,029-03-1149,"08832 Soto Loop
Sheaview, NE 12712",N,hours
606,Michael Wilson,256-80-0527,"0213 Mark Field
Lake Melissafurt, MP 33089",N,miles
607,Daniel Rodriguez,719-95-0802,"9461 Shawn Dale Apt. 246
Lake Michael, AK 08321",N,hours
608,Brenda Jones,198-47-5191,"5784 Samuel Lakes
East Davidberg, NY 56914",Y,miles
609,Carlos Jordan,016-23-3840,"94824 Justin Squares
Johnbury, MS 43163",Y,miles
610,Ronald Stewart,006-08-9713,"2779 Chavez Views Apt. 717
Vargasborough, MN 18223",Y,miles
611,Jennifer Myers PhD,343-94-8566,"329 Alex Expressway
Lake Laura, SC 91710",N,miles
612,Brent Bradshaw,420-10-1038,"26870 Burns Street
East Laura, MD 92452",N,miles
613,Teresa Wright,155-70-3972,"440 Timothy Port
Coreyfurt, PR 40296",Y,miles
614,William Mueller,895-46-5582,"Unit 4665 Box 4839
DPO AE 96872",N,hours
615,Amber Ray,791-05-5807,"279 Watson Fields
Lake Ana, NH 57049",Y,hours
616,Jose Hobbs,558-01-7731,"715 Morgan Flat Apt. 310
Port Rachel, MT 74384",Y,hours
617,Brian Perkins,249-55-2053,"17883 Chapman Key
Lake Bradleyhaven, PA 32211",Y,hours
618,Amber Neal,534-07-1235,"4133 Rios Mountains
Valerietown, PW 26635",Y,hours
619,Joshua Jenkins,761-67-4250,"75495 Williams Springs Apt. 341
East Jessicamouth, SC 34259",Y,hours
620,Joseph Lewis,593-12-4240,"9168 John Fields Suite 526
Coxmouth, VI 63511",N,miles
621,Jennifer Diaz,086-84-0779,"2950 Diaz Terrace Suite 223
East Charleshaven, DE 72833",N,miles
622,Matthew Hart,438-73-9256,"9158 Hicks Island Apt. 666
Port Alexandra, KS 93077",N,miles
623,Matthew Crosby,736-58-3802,"39826 Charles Prairie Suite 276
Lorifurt, MO 83493",Y,hours
624,Victoria White,294-93-3364,"57553 Pena Via
North Maria, RI 99666",N,hours
625,Megan Frazier,581-51-6198,"878 Travis Rue
Lake Sabrina, CA 43763",Y,hours
626,Kimberly Padilla,875-82-1488,"268 Michael Flat Suite 551
Kevinville, AK 88420",Y,hours
627,Robert Chambers,735-90-7160,"78091 Glenn Walk
Chelseyfort, ME 55759",Y,hours
628,Brittany Price,411-57-7270,"PSC 8143, Box 4541
APO AP 70789",Y,hours
629,Megan Miller,517-47-2879,"561 Colleen Hills Suite 176
Lopezborough, HI 51069",Y,hours
630,Samuel Carlson,139-42-2330,"0236 Michael Via
New Johnville, OH 27685",Y,hours
631,Tony Figueroa,432-58-4123,"47802 Jennifer Knolls Apt. 806
Lake Jill, GU 59484",N,hours
632,Amanda Henderson,792-95-4372,"0822 Jason Drive
East James, PW 46590",N,hours
633,Mr. James Guzman MD,118-12-2533,"83489 Mcgrath Villages Apt. 684
Margarettown, MS 83622",Y,hours
634,Cynthia Watson,861-61-4650,"7002 Martinez Shoals
East Davidberg, PR 56534",Y,miles
635,Joseph Lowe,286-77-1068,"870 Nicole Mills
Harringtonton, AK 27487",Y,hours
636,Marvin Myers,172-61-1616,"351 George Points Suite 659
Carlland, VA 60459",N,hours
637,Katherine Ross,371-60-6747,"15829 Castro Ways Suite 534
Robertsburgh, KS 76077",N,miles
638,Timothy Davis,595-20-6714,"0416 Morse Route
Cobbmouth, VA 26003",Y,hours
639,Emma Cortez,535-18-1367,"7255 Hamilton Flats Suite 105
South Sheri, VT 41907",N,miles
640,Cynthia Randall,821-53-0578,"39552 Andrade Walk
South Dakotaberg, VA 47237",N,miles
641,Emily Robinson,787-51-3594,"87924 Anthony Glen
Wilsonborough, IN 34063",N,miles
642,Charles Graham,543-56-8020,"132 Ricky Ridge
West Cynthia, TN 15186",Y,miles
643,Catherine Kent,812-18-9967,"766 Harrison Vista
West Jamie, MA 75034",Y,hours
644,Jeremy Guzman,553-95-8895,"Unit 5380 Box 5541
DPO AP 41824",N,hours
645,Sophia Cervantes,019-90-9979,"21805 Kelly Roads Suite 335
Mariaside, VA 92305",N,miles
646,Carolyn Ferrell,113-40-6424,"1104 Henry Vista
Baxterview, NY 83692",N,hours
647,Brandi Waller,125-96-4931,"USNS Bowen
FPO AP 18226",Y,miles
648,Julian Powers,507-63-5850,"98290 Peterson Divide Suite 284
Priceland, UT 17931",Y,hours
649,Robert Gibson,361-85-2051,"7717 Amanda Lights Suite 680
Valeriehaven, MD 87949",Y,miles
650,Zachary Taylor,616-38-8274,"706 Bradley Branch
South Tanyamouth, NV 46826",N,miles
651,Cassandra Roman,839-31-4304,"63773 Williams Centers
North Cherylfurt, WA 46112",Y,miles
652,Taylor Ewing,039-91-4593,"08857 Adam Key Suite 774
Romeroville, UT 46803",Y,miles
653,Steven Williams,755-08-2963,"39480 Jacob Harbor Apt. 543
West Jessica, KY 60607",N,miles
654,Mark Price,874-22-2481,"014 White Roads
South Brian, HI 38860",N,hours
655,Jeremy Roth,387-19-5376,"5024 Cathy Plain Apt. 102
Lake Susan, AK 83998",N,miles
656,Sarah Wyatt,137-35-4363,"88728 Brown Ports Apt. 689
Lake Mary, MT 67308",Y,hours
657,Michael Mcdonald,263-60-2713,"6138 Lisa Squares
Burnettburgh, NC 52679",N,hours
658,Brenda Holmes,726-15-6572,"944 Long Coves
Anthonyfurt, DC 03422",N,miles
659,Taylor Perry,485-78-5604,"6722 Timothy Neck Apt. 270
New Wandaview, NE 27025",N,hours
660,Christina Young,488-75-3020,"90416 Dana Via
Victoriaberg, ID 62435",N,miles
661,Kelly Brown,851-01-8840,"9430 Michael Cliff Suite 136
North Martinberg, IA 31633",N,miles
662,Sandra Alvarado,032-35-1728,"0126 Jones Pike
West Kathleen, OK 87047",Y,hours
663,Willie Clark,742-03-7268,"63575 Smith Vista Apt. 389
Jorgeview, AS 91084",Y,miles
664,David Nichols,714-40-8631,"269 Joseph Valley
Lake Susan, FM 76852",N,miles
665,Rebecca Gordon,471-28-6820,"0627 Jones Summit Apt. 437
Pittmanburgh, VT 90943",N,miles
666,Tony Bonilla,703-33-9144,"4898 Ian Lake Apt. 719
North Nathanton, PW 81704",Y,miles
667,Sydney Roach,769-36-9199,"0519 Colin Cape Suite 997
Morrisburgh, AS 80076",N,hours
668,Jessica Mccann,083-98-8397,"12878 Davis Common
Kimland, IA 82463",Y,hours
669,Ian Coleman,881-59-9567,"707 Robinson Plain
Paulport, NV 01149",Y,hours
670,Brett Hamilton,149-31-3586,"529 Amy Branch Apt. 161
Sotoland, PA 87037",N,hours
671,Jesse Mendoza,282-86-7115,"2434 Ian River
Lawrenceton, LA 15815",Y,miles
672,Christopher Williams,094-92-3652,"78135 Timothy Junctions
Gardnerville, PW 54779",N,hours
673,Rebekah Reilly,065-77-8312,"426 Justin Greens Suite 929
Barronchester, AK 75741",Y,miles
674,Jennifer Suarez,270-68-2041,"3821 Jacobson River Suite 829
Jeremyberg, NY 79817",Y,miles
675,Robin Riley,868-09-9451,"79661 Campbell Flat
North James, NY 23480",N,hours
676,David King,550-50-4296,"3361 Carolyn Park
Nguyenhaven, SD 31860",N,hours
677,William Pena,273-12-3810,"0827 Emily Lights
Brownshire, PA 44935",Y,hours
678,Amanda Kline,159-08-5728,"50921 Wang Glen Suite 735
Marialand, FL 67624",Y,hours
679,Mrs. Crystal Barajas,179-21-1789,"494 Smith Pass Apt. 779
Stephenton, ND 32599",Y,hours
680,Jessica Coleman,040-09-0184,"25103 Perez Club Apt. 455
Lake Donald, MP 08304",Y,miles
681,Joseph Benson,491-98-4597,"216 Cortez Walk Suite 564
Melanieborough, CO 03893",Y,miles
682,Jonathan Howard,263-80-0836,"9704 Miller Port Apt. 571
Marquezhaven, VT 78715",N,miles
683,Wayne Roberts,348-09-7358,"72397 Donna Isle Apt. 507
Stevenview, UT 73288",N,miles
684,Brian Duke,256-10-7280,"020 Anderson Vista
Lake Kyle, VT 92099",N,miles
685,Bobby Mitchell,049-31-4703,"924 Jones Drive Apt. 634
Martinezbury, MO 29343",N,miles
686,Kenneth Mendez,648-08-0324,"27479 Vanessa Lake
New Scotttown, MN 80501",Y,miles
687,Angela Burns,381-12-9410,"383 John Loop Apt. 841
West Mark, MN 32661",N,miles
688,Michael Clark,080-91-9727,"12803 Wood Pines Apt. 473
South Terrihaven, MO 65703",Y,miles
689,Leonard Martin,677-71-3372,"1838 Patricia Mountains
Flynnport, AZ 34787",Y,miles
690,Gabriel Cameron,279-04-5791,"052 Sarah Spurs Suite 628
Brandymouth, AR 88510",Y,miles
691,Katelyn Flores,693-76-7298,"82765 Patterson Avenue
Schwartztown, OH 54017",Y,hours
692,Pamela Johnson,833-08-5850,"70669 Norris Village
Port Josephmouth, NJ 56805",Y,miles
693,Daniel Mcgee,681-64-0618,"4246 Monica Garden Suite 566
Flowersport, NV 03553",Y,miles
694,Samuel Wallace,712-30-3076,"767 Taylor Parkways Apt. 843
Mariaberg, AS 39097",N,miles
695,Melissa Barry,816-03-3356,"712 Brown Junction
Eduardoville, UT 56884",N,hours
696,Keith Peters,504-26-0556,"359 Wanda Avenue
East Sarah, HI 72211",Y,hours
697,Shawn Terrell,694-79-5538,"3840 Robert Divide
Port Danielport, DC 59937",Y,miles
698,John Ward,431-05-6006,"1828 Regina Inlet Apt. 815
Kingfurt, VT 93379",Y,miles
699,Ronald Hayes,126-57-9090,"PSC 5604, Box 5459
APO AE 95726",N,hours
700,Meredith Kim,623-22-9141,"6911 Perry Wells Apt. 840
Port Rachelstad, MS 65821",N,miles
701,Brandon Delgado,198-91-1477,"USS Lopez
FPO AP 79947",N,hours
702,Kevin Wilson,354-49-0955,"52044 Barker Street Suite 477
East Micheleberg, VA 54353",N,miles
703,Terry Mathews,658-94-2479,"551 Gibson Park
Port George, NC 04246",N,hours
704,Theresa Mills,112-70-6768,"76507 Johnson Glens
West Davidbury, WY 86015",N,hours
705,Richard Hines,595-78-1012,"49795 Caroline Ramp
Lake Vanessa, GU 61605",Y,miles
706,Ralph Wells,300-34-9991,"02664 Rebecca Stream
Campbellland, MN 61094",Y,miles
707,Amanda Hutchinson,471-41-7105,"47203 Bailey Meadow
South Karenfurt, SD 23733",N,hours
708,Thomas Hartman,191-15-1341,"0922 Ferguson Radial
New Kaylafort, GU 25131",N,miles
709,Ariel Moreno,605-57-7250,"68879 Dawn Junctions Apt. 924
West Virginiaburgh, IN 03948",Y,miles
710,Savannah Wright,554-61-0562,"4197 Joseph Pass
Lewisfort, NJ 37195",Y,miles
711,Ryan Singleton,851-94-4130,"9906 Johnny Park
Port Jennifer, IA 34833",Y,hours
712,Brittany Davis MD,851-99-5427,"920 Clark Lake Apt. 223
Morganville, IN 42485",Y,hours
713,Gregory Martin,855-94-9499,"USNV Fuller
FPO AP 55573",Y,hours
714,Theodore Farrell,550-18-6821,"6004 Hale Road Apt. 031
Lake Maureenberg, CO 94824",Y,miles
715,Gregory Hill,406-58-8991,"85504 Hayden Springs Apt. 652
Evansshire, MS 61319",Y,miles
716,Haley Leonard,697-70-4129,"21822 Rodriguez Well
Port Kennethchester, NE 03631",Y,hours
717,Cristian Bryant,260-57-3311,"9072 Chad Oval Apt. 173
Brownchester, UT 56537",Y,hours
718,Laura Martin,621-97-2018,"7053 Harrison Walks
South Daisy, IL 26478",Y,hours
719,Grant Evans,618-26-6424,"39338 Jill Harbor
New Renee, NM 53451",N,miles
720,Kelly Richardson,859-76-5045,"0119 Judy Throughway Suite 577
Oliviamouth, MN 82480",N,hours
721,Ashley Rose,109-51-8637,"728 Kevin Unions Suite 356
Odomview, FM 77712",Y,hours
722,Brian Weaver,662-47-7669,"881 Henderson Well Suite 811
Port Patrickburgh, DC 22433",Y,miles
723,Matthew Young,884-47-1376,"26021 Nathan Park
Benjaminhaven, NM 32869",Y,hours
724,Hannah Wright,252-50-5997,"588 Laura Trail
South Robertstad, FL 07692",Y,hours
725,Jennifer Love,427-93-1710,"0419 Christine Lake
Rebeccaville, AL 80090",N,miles
726,Jennifer Mcclain,493-16-9636,"85555 Green Wells
North Marie, ME 59579",N,miles
727,Susan Shelton,279-70-2385,"1393 Melissa Burgs
Frenchville, ID 78619",N,hours
728,Paul Mitchell,351-90-2720,"65455 Ellen Views
Pruittborough, IL 13466",N,miles
729,Brenda Hall,880-62-3214,"89681 Katherine Hill Apt. 493
South Russell, CO 61877",Y,miles
730,Jennifer Andersen,116-51-4803,"9376 James Ways
Kennethview, ID 25720",N,miles
731,Nicole Patel,826-40-7358,"14913 Powell Branch
North Melissafort, KY 63828",Y,hours
732,Desiree Odonnell DDS,187-09-4118,"31899 Miller Corners
Port Frankshire, LA 13903",N,miles
733,Jonathon Rodriguez,618-02-9547,"656 Aaron Junctions
Lake Timothyside, AR 58694",N,hours
734,Danny Morales,778-99-8081,"61708 Melissa Prairie
East Laura, DC 31069",Y,miles
735,Laura Estes,881-12-4033,"USNS Miller
FPO AE 19261",Y,miles
736,Robert Turner,196-14-8640,"PSC 2926, Box 7926
APO AP 25483",N,miles
737,Nancy Robinson,176-64-8850,"03349 Mckay Manors Suite 336
North Jamestown, ID 57587",Y,hours
738,John Vasquez,111-80-1091,"Unit 4661 Box 5699
DPO AP 75053",Y,miles
739,Christine Brown,148-73-2639,"78764 Jenny Heights
Marquezville, MI 34613",N,hours
740,Tommy Kelly,256-98-8854,"314 Mckinney Land Apt. 178
South Kevin, NH 15017",N,miles
741,Kari Rivas,258-85-0553,"073 Colin Light
Hallchester, PR 55638",N,miles
742,Julie Walters,321-88-0713,"88896 Lee Glens Suite 920
Derrickburgh, PW 36038",Y,hours
743,Andrew Obrien,398-64-4470,"1549 Greer Island Suite 223
Kimberlyport, WV 08372",Y,hours
744,Michael Hall,143-62-6763,"29919 Morris Trafficway
Briannaborough, MO 30933",Y,hours
745,Richard Nguyen,348-75-4655,"30335 Mayer Union Suite 837
New Mark, IN 07996",N,hours
746,David Griffin,766-38-2891,"49906 Shaun Drives Apt. 616
North Brandon, VI 01115",Y,hours
747,Anna Smith,754-06-6346,"5453 Jacqueline Island
Lake Nicholasville, SD 41991",Y,miles
748,Jennifer Martin,317-13-7182,"676 Holly Ferry Apt. 944
Stephensonburgh, MS 59257",Y,miles
749,Ashley Thomas,263-38-2467,"496 Dennis Stravenue
Morganview, PW 55918",Y,hours
750,Tyler Dawson,286-54-4316,"47650 Melissa Flats Apt. 707
South Tracyhaven, CA 36597",N,miles
751,Joseph Smith,320-25-6327,"19691 Elizabeth Forest Apt. 901
Cortezmouth, GU 05761",N,hours
752,Kevin Cochran,330-61-6487,"111 Smith Valleys
East Joshuahaven, OH 80135",N,miles
753,Thomas Morrison,443-52-3504,"1056 Miranda Way
Kevinmouth, PA 35914",Y,hours
754,Randall Johnson,845-42-1847,"71043 Phillips Falls Suite 511
South Jeffrey, NE 18523",Y,hours
755,Robert Brown,697-91-6225,"443 Johnson Port
East Joseph, WV 50233",Y,hours
756,Bryan Parks,187-97-6460,"61273 Daniel Viaduct
Markland, TX 05369",N,miles
757,Cynthia Johnson,667-35-3179,"537 Samuel Extensions
North Tonya, NE 86201",N,miles
758,Anita West,235-25-7797,"016 Cohen Parkways Suite 207
Amandafurt, FL 55122",Y,hours
759,Michael Fisher,587-93-4290,"52967 Miller Parkways Suite 128
West Carriebury, FL 71474",Y,miles
760,Vanessa Willis,134-50-0055,"Unit 1026 Box 8817
DPO AA 85791",N,miles
761,Maurice Farley,053-28-7784,"417 Thomas Unions Apt. 571
Katietown, VT 84817",Y,hours
762,Dr. Christopher White Jr.,874-64-6183,"5641 Jones Tunnel
Ballardberg, VA 67223",N,hours
763,Adam Castaneda,276-52-5857,"127 Holly Islands
Abbottton, DC 03233",N,miles
764,Mr. Curtis Turner,201-42-8059,"877 Bates Heights
Port Larryport, MP 90693",N,hours
765,Gina Sullivan,873-42-5257,"192 Samantha Vista
North Ryan, TX 49369",Y,miles
766,Barry Jones,387-94-7588,"68823 Nancy Mill
Davidmouth, NC 15476",N,hours
767,Victoria Whitney,463-94-1561,"67017 Erin Well Suite 224
Daisyton, OR 11333",N,miles
768,William Jones,189-82-7496,"1677 Brett Mission Apt. 751
Cherylview, WI 80410",N,miles
769,John Garcia,861-04-3707,"085 David Passage Apt. 426
West Destinyborough, MA 35285",N,miles
770,Gregory Valencia,890-58-3679,"234 Brenda Throughway Apt. 646
North Thomasstad, MO 16193",N,hours
771,Sandra Lewis,861-29-7627,"21199 Lori Walk
Ewingport, ME 18759",N,hours
772,Crystal Morrison,295-52-3499,"90841 Mary Glens
Lake Samanthafort, NH 56334",N,hours
773,Aaron Jones,320-22-3275,"54560 Julie Way Apt. 674
Port Brian, ID 88306",N,miles
774,Eric Whitehead,397-30-6963,"051 Ramirez Bridge Apt. 617
Leeberg, NH 13918",N,hours
775,Kevin Collins,774-51-5607,"263 Kent Isle
Port Antonioport, AR 08731",Y,hours
776,Samantha Perez,183-04-8847,"914 Bush Trail
North Jamie, MI 67399",N,hours
777,Stephanie Willis,155-86-7785,"885 Sara Junction
Mcintoshland, PR 30901",N,miles
778,Alejandro Williams,462-79-8165,"732 Hernandez Heights
Adamfurt, MA 57909",N,miles
779,Tasha Foster,242-77-9003,"244 Perez Common Suite 783
Larsenport, MO 70306",Y,miles
780,Justin Newman,405-26-6466,"2527 Emily Course Suite 039
Lake Scott, AL 82098",N,hours
781,Mark Rivera,209-81-2085,"3622 Robinson Drives Suite 982
West Deannaton, NJ 88517",Y,hours
782,Chris Moreno,614-86-3064,"USCGC Cole
FPO AA 29466",Y,hours
783,Lacey Stanton,868-95-8705,"804 Carla Dale
Robinsonchester, MS 75723",N,miles
784,Stephen Murray,289-92-6075,"871 James Village
Andreaport, VI 48230",N,hours
785,Garrett Galvan,851-62-7022,"375 Jones Key Apt. 256
Bradleyborough, NE 21715",N,hours
786,Fernando Mendoza,036-40-4775,"6739 James Rapid
Moorestad, NJ 91434",N,hours
787,Ashley Cox,539-68-7014,"5484 Williamson Locks Apt. 966
Port Stephanie, VT 52283",Y,hours
788,Steven Douglas,498-93-2668,"PSC 0976, Box 0471
APO AE 35349",Y,hours
789,David Berger,382-69-3057,"23389 Dean Corner
Lawrenceport, IL 58592",Y,hours
790,Theresa Parks,498-70-2521,"6411 Stephanie Extensions Apt. 690
Marcton, ME 90623",N,miles
791,Charles Ross,404-42-0996,"632 Beasley Coves
Elizabethview, HI 14028",Y,hours
792,Tara Spencer,580-56-6343,"5979 William Tunnel
West Andrewmouth, WV 11368",Y,hours
793,Jessica Walsh,104-14-4930,"515 Ford Crescent
Hopkinsburgh, AS 67092",N,miles
794,Brian Smith,645-35-1456,"713 Ryan Pine
Kramerfort, DC 96127",Y,hours
795,Andrea Hawkins,149-85-0015,"198 Kevin Lane Apt. 470
Port Gina, VI 71225",Y,hours
796,Dr. John Massey,708-89-5735,"7349 Flores Overpass Suite 719
West Michaelbury, MS 80777",N,hours
797,Erica Thompson,607-32-7212,"PSC 6117, Box 1622
APO AE 96481",Y,hours
798,Jean Bryant,110-53-8546,"23392 Rios Stream Apt. 862
West Kelly, SD 35928",Y,hours
799,Leah Lee,208-48-2226,"1909 Mcgee Causeway Suite 877
New Sylvia, MN 31001",Y,hours
800,Robert Taylor,783-10-6919,"331 Morgan Keys Apt. 077
Downsview, ME 68294",N,hours
801,Benjamin Turner,442-59-3507,"94018 Patel Turnpike Apt. 892
South George, DE 16218",N,hours
802,Alan Jones,320-79-0681,"736 Andrew Ramp Suite 702
Jamesland, MI 09681",Y,miles
803,Heidi Smith,444-72-7508,"08019 Stacey Loop Apt. 713
West Catherine, VT 76683",Y,hours
804,Benjamin Moreno,318-11-3713,"31063 Austin Passage
Thomasland, NH 54174",N,miles
805,Michael Smith,140-58-9778,"50693 Andre Views
Curtistown, NM 94667",N,hours
806,Michael Higgins,174-40-0054,"74365 Gabriella Expressway
Jennifershire, WA 04405",Y,hours
807,Cody Brooks,323-24-5488,"9413 Lopez Light Apt. 041
Pattersonstad, KY 07813",N,hours
808,Katherine Smith,740-42-1874,"45964 Newman Unions Apt. 093
Jacobsville, NV 66916",N,hours
809,Tyler West,481-41-2721,"002 Billy Village Suite 460
East Nancyport, VI 60717",N,hours
810,Kim Hanson,036-49-9954,"405 Justin Views
North Michaelbury, PA 02658",Y,hours
811,Hannah Jordan,503-56-8576,"53168 West Shoals
Brettton, LA 29829",N,hours
812,Dylan Gallagher,272-93-7054,"438 Jennifer Loaf
Hollandland, OH 20499",Y,hours
813,Joseph Tyler,702-44-9301,"70487 Rocha Crossroad
North Wendy, MD 23236",Y,miles
814,Nancy Walker,107-02-2267,"24872 Timothy Flats Apt. 258
Thompsonchester, ME 05961",Y,miles
815,Danny Silva,223-59-4392,"541 Joseph Alley Suite 166
Josephmouth, UT 12345",Y,hours
816,Miss Stacy West,110-97-7102,"55736 Ford Junctions
Hamiltonfort, HI 34865",Y,miles
817,Carlos Garrett,102-33-9679,"822 Nicholas Circles Suite 580
West Kristen, OK 49465",N,hours
818,Rebecca Carpenter,760-63-4628,"46345 Connie Vista Apt. 268
Santoston, VT 53128",N,hours
819,Stephen Smith,096-17-1826,"510 David Prairie Apt. 719
Michaelfurt, MP 37834",N,miles
820,Timothy Chase,519-02-7874,"24129 Long Cliff Suite 197
South Jonmouth, PR 57634",Y,miles
821,Cindy Parrish,701-74-7523,"703 Tracy Green Suite 013
Robertside, MI 40526",N,miles
822,Kristen Hunt,778-55-0228,"971 Martinez Causeway
West Josephmouth, IA 11486",Y,hours
823,Alejandro Little,607-07-9301,"7787 Savage Expressway
Sarahville, IN 02041",N,miles
824,Brandi Woods,589-66-4942,"445 William Underpass Apt. 486
New Emilyland, VA 68724",N,miles
825,Heather Russell,712-95-3643,"00612 Jones Lakes
Port Joanmouth, KS 40761",Y,miles
826,Connie Meza,541-83-6817,"490 Thomas Garden
Benjamintown, NY 21957",N,hours
827,Jonathan Fischer,088-13-9634,"265 Daniel Roads
Barnesland, SC 20966",Y,hours
828,Patrick Lee,201-14-1461,"USNV Taylor
FPO AE 35439",N,hours
829,Andrew Stanton,134-80-7275,"51607 Amber Dam
Russellside, CT 78590",N,miles
830,Ashley Wagner,652-30-8261,"070 Joel Plains Apt. 532
Barnetthaven, RI 37617",N,hours
831,Jessica Murillo,394-56-3615,"0131 Howe Crescent
Lake Johnbury, MS 81220",Y,hours
832,Christie Stevens,620-10-4628,"97744 Robinson Village
Ericfurt, MT 73714",Y,hours
833,Bradley Coleman,004-28-6635,"605 Murray Drive
Lake Brandonfort, TN 37647",N,miles
834,Timothy Hall,196-05-4058,"334 Ian Parkway
Carlytown, IL 93968",Y,miles
835,Jamie Jones,678-58-9082,"935 Thomas Shore
Port Jonathanfort, MD 17127",N,hours
836,Linda Smith,429-79-8851,"7797 Medina Spring Suite 699
Jessicafurt, CO 56211",N,hours
837,Cassandra Blackburn,383-08-5805,"103 John Causeway Apt. 766
Marcusshire, MA 23644",N,miles
838,Matthew Hicks,197-23-4828,"8381 Melissa Trafficway
Johnsonborough, SC 89932",N,hours
839,Vanessa Thompson,101-88-7452,"3846 Mcgee Mountains Suite 404
Michelleborough, IA 72926",N,hours
840,Christine Patel,636-19-1872,"351 Parker Curve Suite 895
Hansenbury, KS 25243",N,miles
841,Stacy Combs,834-97-5688,"2624 Hudson Street Suite 588
Youngview, WA 43318",N,miles
842,Lisa Morris,698-36-8706,"8387 Lowe Falls Suite 593
Lauraland, MO 36156",Y,hours
843,Cynthia Johnson,552-29-6566,"8554 Price Square Apt. 075
Matthewsland, GA 93467",N,miles
844,Amy Cruz,592-44-8826,"23980 Tate Streets
Jessicabury, PR 37340",Y,hours
845,Allison Mcclure,017-26-8610,"Unit 9954 Box 1603
DPO AA 94178",Y,miles
846,Matthew Tucker,725-48-7191,"010 Scott Neck Apt. 942
Micheleton, CO 43739",N,miles
847,Carol Wright,143-14-0220,"989 Mays Road
Louisport, TN 29180",Y,hours
848,Zachary Smith,180-38-1868,"69656 Hines Mission
Lake Christopherchester, NH 12111",N,miles
849,Carlos Smith,315-12-1958,"798 Lawson Rapid Apt. 410
Lake Andrew, ME 81122",N,miles
850,Chad Freeman,879-81-5379,"342 Tara Island Suite 576
Sharonmouth, NC 25287",Y,hours
851,Melissa Brown,632-37-8332,"52515 Mark Rapids Suite 741
Haleyfort, CA 13326",Y,miles
852,Johnny Stephens,364-56-4774,"98389 Shane Prairie
Chavezland, LA 96729",Y,hours
853,Brett Freeman,277-03-1734,"007 James Spring Apt. 553
North Martin, NH 11325",N,miles
854,Vickie Suarez,823-55-5369,"466 Holmes Shores
Sanchezfurt, IL 14883",Y,hours
855,Christopher Villegas,325-69-0257,"659 Johnson Spurs Apt. 769
Floresbury, MT 59056",Y,miles
856,Mitchell Norris,271-15-8545,"USCGC Perez
FPO AA 44264",N,hours
857,Seth Stewart Jr.,584-17-5482,"858 Shea Manor Suite 711
Simschester, CT 13713",N,hours
858,Janice Cummings,807-88-9212,"9337 Ramirez Parkways Suite 362
Danielview, ID 68571",Y,hours
859,Shannon Jones,161-83-1844,"372 Amy Land
South Jamiechester, FL 63513",N,miles
860,Matthew Taylor,319-70-3123,"790 Anthony River Suite 998
Garciaberg, CO 05375",N,miles
861,Veronica Moore,423-14-9425,"128 Ryan Points
Loriburgh, AS 38402",Y,miles
862,Mark Hernandez,127-28-3457,"2518 Ellis Ports
Stoutstad, TX 30713",Y,miles
863,Amy Myers,392-14-7835,"681 Charles Ville Apt. 835
Reyesberg, OK 56612",N,hours
864,Robin Giles,870-33-9257,"35930 Tyler Curve Apt. 408
East Madison, HI 38083",Y,miles
865,Kayla Shaw,719-08-2042,"375 Michael Island
Hardyshire, MD 13285",Y,hours
866,Diana Mcbride,112-13-8965,"8242 Kaufman Mission
Stevenborough, VA 86304",Y,hours
867,Matthew Huffman,753-14-2164,"USS Stark
FPO AE 58664",N,miles
868,Anna Wilkins,699-61-2728,"9590 Jason Junctions
Port Jacobmouth, VA 29785",Y,miles
869,Robert Landry,231-29-4648,"96132 Kelly Unions Apt. 726
Mullinsberg, HI 76094",Y,miles
870,Jamie Robinson,888-41-7406,"210 Sanchez Views Apt. 378
North Benjaminville, OK 63445",N,miles
871,Elizabeth Sharp,248-39-5087,"54158 Timothy Plaza
Moniquefurt, ME 35672",N,miles
872,Shannon Gilbert,319-32-4214,"42076 Victoria Track
West Denniston, HI 05908",Y,hours
873,Joshua Jones,221-31-5801,"6698 Leah Glen Suite 283
Hicksview, AL 72319",N,hours
874,Laura Thompson,745-85-2179,"443 Jason Wall Apt. 489
Lake Jonathan, OK 99534",N,miles
875,Mackenzie Weaver,304-91-8891,"131 Carlos Bridge Apt. 894
North Matthew, ME 68682",N,miles
876,Brandy Ramos,361-95-3373,"47964 Martin Hill
Keithborough, MT 50588",N,miles
877,Scott Morales,622-66-8476,"359 Wilcox Garden Suite 880
Lake William, NY 71021",N,hours
878,Joseph Hurst,677-02-6977,"22325 April Curve
West Penny, HI 47982",N,hours
879,Tracy Morris,088-98-5893,"9753 Yvette Port
Collinsville, ID 05814",Y,miles
880,Christine Mata,577-20-7058,"23308 Henry Glen
Warrenside, VA 05619",Y,hours
881,Richard Lee,556-43-0754,"9784 Mays Motorway Apt. 292
North Timothy, MT 70559",N,miles
882,Wesley Tran,623-12-0423,"46405 Andrea Prairie Apt. 066
South William, KS 87542",Y,miles
883,Jaime Daugherty,654-36-0975,"917 Max Squares
East Steven, FL 86035",Y,hours
884,Alex Washington,812-08-0258,"47583 Harris Brook
Port William, VI 11987",Y,miles
885,Kathleen Allen,135-43-3938,"81196 Thomas Trace
East Christophertown, KY 43805",Y,hours
886,Diana Foster,575-52-0384,"9292 Anita Bypass Suite 939
West Gabrielabury, KY 39073",N,hours
887,Michael Harrison,191-65-5948,"07822 Skinner Key Suite 631
Aprilville, CA 52412",Y,hours
888,Beth Moreno,669-50-4538,"008 Diaz Causeway
South Dylanton, MN 63894",Y,hours
889,Michael Neal,122-98-1824,"Unit 6267 Box 3851
DPO AE 68836",Y,hours
890,Jessica Nunez,381-06-5946,"28348 Gabriela Neck
West Manuelchester, OK 90540",N,hours
891,Carlos Price,510-90-0394,"4995 Barnett Turnpike
Lake Kerryport, TX 41445",N,hours
892,Robert Logan,433-43-0092,"99529 Carter Hills
East Jennifer, GU 98527",N,hours
893,Carl Dean,115-88-8442,"524 Morrow Estate
West Harry, VI 91370",Y,miles
894,Maureen Patton,479-83-3394,"521 William Key
Shannonland, SD 43800",N,hours
895,James Ryan,466-62-8130,"7433 Short Ford
Fosterchester, MI 80519",N,hours
896,Donna Simmons,860-58-9680,"34704 Cruz Gardens Apt. 079
Davieston, NC 27602",Y,miles
897,Brandi Turner,601-65-5447,"2878 Sarah Valleys Suite 410
Proctorview, MS 62545",Y,miles
898,Nicole Pineda,518-13-3842,"51666 Martin Rapids Apt. 334
North Kaylee, IL 73142",Y,miles
899,Marvin Miller,054-69-5189,"7498 Robbins Tunnel Apt. 376
Rhondaport, MS 56299",N,hours
900,Christopher Martin,548-43-0398,"38308 Downs Drive
Bakertown, RI 48629",N,hours
901,Jasmine Barron,197-08-0680,"415 Miller Turnpike
Dunnberg, MT 26354",N,hours
902,Karl Clements,328-25-0647,"4759 Brianna Ports Suite 468
Brennanchester, WA 07383",N,miles
903,Melissa Davis,497-74-7990,"45347 Gregory Viaduct Suite 338
Wilcoxstad, SD 25223",N,miles
904,Andrea Bailey,685-11-0992,"091 Mckee Bypass
Gonzaleshaven, RI 79046",N,miles
905,Kerry Robertson,157-64-1234,"0867 Bennett Isle Apt. 874
Raymondland, OH 36397",N,hours
906,Phillip Fox,290-60-5857,"9795 Vaughan Field Apt. 016
Chenview, PW 87388",N,miles
907,Cindy Gardner,023-15-2147,"Unit 9597 Box 7367
DPO AP 31592",N,hours
908,Juan Jackson,015-55-8734,"5515 Sonya Summit Suite 424
Snowbury, WA 72109",N,hours
909,Brittney Acevedo,554-82-0281,"076 Thompson Valleys Apt. 673
Guzmanchester, VT 26592",N,hours
910,Richard Savage,729-48-6633,"USNS Chavez
FPO AE 58894",N,hours
911,Dr. Jennifer Moore,195-47-5990,"712 John Locks Suite 597
Lynchtown, ME 51217",Y,hours
912,Jessica Morris,128-69-9455,"65663 James Cliffs
Taylorview, UT 69575",N,miles
913,Katrina Powers,455-63-3623,"48360 Deborah Ports
Bruceland, OK 66113",Y,miles
914,Rachel Pace,459-25-0477,"01499 Martin Knoll Suite 542
Jennifertown, TN 96793",N,miles
915,Eric Herman,333-32-7861,"05972 Chelsea Mission Suite 925
South Carolfurt, CO 74325",Y,hours
916,Austin Morris,638-15-8221,"Unit 8372 Box 3944
DPO AP 77087",Y,hours
917,Wendy Obrien,189-28-8504,"USCGC Hall
FPO AP 80631",N,hours
918,Caroline Dickerson,553-01-8445,"02762 Jacqueline Rest Suite 200
Port Tammymouth, UT 61952",N,hours
919,Joseph Moss,384-15-1144,"6817 Jones Trail
Davisside, MA 07043",N,hours
920,Samuel Martin,168-32-7232,"0303 Carlson Trafficway Apt. 985
East Jessica, FM 34652",N,miles
921,William Barnes,266-92-3312,"0256 Daniel Corners
West Anthony, NE 25820",N,hours
922,Thomas Cochran,797-09-5642,"Unit 2644 Box 5916
DPO AE 32256",Y,hours
923,Jessica Mendoza,488-49-8100,"02440 Paul Meadow Suite 530
Nobleland, NM 45302",Y,hours
924,Tony Petersen,052-77-3918,"41833 Fitzpatrick Drive Apt. 690
New Arthurstad, NJ 90011",N,hours
925,Ruben Cooper,856-35-2137,"754 Smith Extensions
Josephville, FM 27319",N,hours
926,Sean Mendez,369-94-3803,"79375 Young Wells
Mitchelltown, ME 47969",Y,miles
927,Amy Simon,779-71-7916,"9016 Ashley Forest
Spencershire, PW 47863",N,hours
928,Curtis Simpson,509-01-7587,"2508 Ochoa Expressway
Paulshire, MI 67583",Y,miles
929,Laura Clark,426-92-5233,"57219 Snyder Mall Apt. 312
Lake Aaron, UT 59198",N,hours
930,Thomas Lee,711-12-3249,"15067 Kenneth Isle
Port Markshire, IN 02957",Y,hours
931,Julie Lewis,876-86-7504,"71171 Serrano Cove
East Ashleyshire, MO 87144",N,miles
932,Gabriel Perez,450-04-1666,"4269 Erica Route Apt. 288
Lake Andrew, LA 81041",Y,hours
933,Benjamin Morrow,879-28-1265,"2215 Solis Groves Suite 862
East Roberthaven, SD 97254",Y,miles
934,Nathan Wilson,351-87-3056,"2125 White Rest Apt. 328
Ronaldchester, LA 63239",Y,miles
935,Emily Murray,034-54-5239,"0971 Randy Locks Apt. 748
South Alexandriamouth, TX 04566",N,miles
936,Debbie Cole,859-44-7539,"112 Hunter Crossroad
Josefurt, PA 47722",Y,hours
937,Sandra Thomas,346-35-7153,"08876 Daniel Wells
Port Craigville, WI 53953",Y,miles
938,Amanda Moore,369-84-9632,"8826 Marissa Oval
Heatherchester, PR 54802",Y,hours
939,Gina Hood,419-80-6846,"PSC 4022, Box 4694
APO AP 90479",Y,miles
940,Sheri Berry,390-57-5692,"79635 Maxwell Trail Suite 097
Nicolechester, NM 37993",Y,miles
941,Donald Burgess,234-90-4130,"3062 Stephen Ports Suite 925
Lake Marie, MT 40413",N,miles
942,David Gregory,352-12-0564,"69435 Howard Village
Port Dan, AZ 15800",N,hours
943,Megan Peters,089-58-5967,"068 Gabriella Mountain Apt. 596
Lake John, NY 15442",Y,hours
944,Dakota Johnson,120-07-4714,"7963 Rebecca Plains Apt. 755
Williamsfurt, VA 76009",Y,miles
945,Allen Hernandez,886-35-4139,"54487 Vaughn Ports Suite 039
Wallerchester, NJ 76912",N,miles
946,Christine Castro,367-22-1975,"2552 Ana Trail
New Thomas, AR 96642",N,hours
947,Melissa Acosta,275-49-5047,"08731 Harrison Lights Apt. 350
Lake Paulchester, NV 97861",Y,miles
948,Dr. Jeremy Spears,812-93-3874,"10855 Peggy Port Suite 642
Samanthaland, MT 79510",N,miles
949,Cheryl Friedman,239-04-6727,"291 Thomas Extensions Apt. 220
North Lucas, IN 77511",Y,hours
950,Ronnie Macias,561-35-9405,"360 Evan Expressway
Cookfurt, MT 09099",Y,hours
951,Jose Miller,520-84-8078,"4208 Jordan Mountains Apt. 341
South Debbie, KY 73382",Y,hours
952,Mark Clayton,516-47-7651,"4123 Derek Divide
Port Colin, ID 35359",N,miles
953,John Anderson,081-66-1135,"701 Miller Crescent Apt. 955
Anthonyhaven, PW 44908",N,hours
954,Kevin Spencer,646-67-5142,"22266 Villanueva Crossing Suite 796
Tiffanyborough, MS 29217",Y,miles
955,Terry Henderson,845-45-7822,"0549 Valerie Gateway Suite 321
East Jacob, MI 52685",Y,hours
956,Margaret Griffin,024-44-2315,"USS Rios
FPO AE 93877",N,miles
957,Eric Martin,264-44-0529,"USCGC Werner
FPO AP 55717",N,miles
958,Eric Villa,842-28-1379,"95565 Browning Meadows Apt. 775
Donovanfort, OK 35795",Y,hours
959,Steven Owens,232-23-8122,"4658 Gray Extension
West Rebeccashire, CA 65244",N,miles
960,Kevin Page,180-45-7135,"96268 Jose Lodge
Brownside, ID 87193",N,miles
961,Joshua Hall,525-27-3226,"Unit 9455 Box 6071
DPO AE 64673",Y,miles
962,Tracy Clark,067-47-4513,"3921 Benson View Suite 174
Brandonshire, WA 89490",N,hours
963,Thomas Rice,804-93-9978,"20858 Gonzales Lights Suite 831
East Nicolehaven, PA 12339",Y,hours
964,Micheal David,616-96-3325,"0174 Jennifer Avenue Apt. 327
Danville, MO 80465",Y,miles
965,Cameron Newman,614-66-4701,"1683 Miller Falls Suite 049
West Wesley, LA 93085",N,miles
966,Angel Cook,534-02-1515,"PSC 7739, Box 9337
APO AP 86433",N,miles
967,Derrick Garcia,005-60-1836,"00570 Walls Mission Suite 453
Garciafort, GU 82297",N,miles
968,Vanessa Howe,770-06-8284,"7548 Keith Burgs Apt. 473
Freyshire, MN 19955",Y,miles
969,Kristine Lee,692-17-5923,"6843 Nash Inlet
New Maureenport, SD 56765",N,miles
970,Christine Perry,576-90-2311,"514 Jones Turnpike Suite 417
New Juanfort, ME 03637",Y,hours
971,Ellen Diaz,155-01-9544,"498 Gutierrez Spurs Suite 750
South Jessica, AL 88077",N,hours
972,Tracy Brady,773-30-7593,"98983 Charles Stravenue
Port David, AS 89631",N,miles
973,Geoffrey Poole,667-86-3339,"06764 Christopher Crossing Apt. 038
Grantville, ID 23905",N,miles
974,David Reed,103-47-2354,"6606 Daniel Passage
Howellton, KS 40302",N,hours
975,Jacqueline Johnson,855-28-4091,"9114 Kennedy Mountain
Lake Elizabeth, NJ 12843",N,miles
976,Ernest Roach,218-03-0439,"771 Ashley Valley
Hopkinsmouth, NE 30239",Y,miles
977,Patricia Jordan,236-71-4751,"25516 Arnold Underpass Apt. 668
Elizabethmouth, AR 37939",N,miles
978,Maria Daniels,754-63-9914,"895 James Trail
North Jessica, OH 07242",Y,hours
979,Robin Kelley,685-83-6718,"88321 Michelle Row Suite 248
West Joshuashire, SC 91894",Y,miles
980,Thomas Baker,075-47-0003,"694 Whitney Extension Suite 366
Brownburgh, UT 09384",N,hours
981,Zachary Smith,489-11-5672,"606 Quinn Summit
Cassandrabury, KS 49827",Y,hours
982,Jasmine Hall,044-26-0992,"USS Leblanc
FPO AE 30361",Y,miles
983,Sheri King,328-41-6330,"598 Jason Ports
Lake James, KY 99531",Y,hours
984,Pamela Castaneda,555-36-5712,"94025 Richard Village Suite 843
Wolfburgh, ID 21834",Y,miles
985,Marcia Davis,612-33-3749,"758 Oliver Manor
North Meghanhaven, MP 12387",N,miles
986,Isaac Rice,891-86-5433,"8520 Craig Ranch Suite 233
East Cassiestad, ID 34930",Y,miles
987,Mitchell Barnes,686-77-9579,"63732 Valentine Stream Apt. 535
Randolphton, DE 23895",N,miles
988,Gabriela Franklin,665-62-5376,"37677 Samuel Mountain
Hufftown, NY 77656",N,miles
989,Rebekah Thornton,829-13-0567,"64363 Bruce Fields
Lake Frank, HI 79031",Y,hours
990,Richard Gilbert,019-86-0511,"19762 Moore Port
New Sarahport, CT 56167",Y,miles
991,Cameron Caldwell,300-77-9434,"8235 Thomas Avenue
Jasmineberg, IA 63838",Y,hours
992,Elizabeth Jones,642-26-8724,"984 Clark Shore
Cooketon, MH 32377",Y,hours
993,Jesse Mcdonald,563-66-2433,"USNV Rodriguez
FPO AA 26331",N,hours
994,Hannah Butler,795-98-0478,"PSC 2359, Box 0556
APO AA 57447",N,hours
995,Anthony Wilson,686-72-3141,"6843 Samantha Falls
South Kimberlyborough, GU 80557",N,hours
996,David Ramsey,381-90-1603,"66922 Lisa Rapid Apt. 112
Sarahchester, WI 14870",Y,miles
997,Anthony Brown,373-89-0799,"8644 Anthony Manors Apt. 929
Ashleyberg, MH 61323",N,hours
998,Andrew Graves,593-50-4058,"1370 Duran Ville Apt. 967
Archerport, WA 81895",N,hours
999,Stephen Warner,077-73-2998,"60090 Tyler Way
East Donald, OH 80912",N,hours
1000,Dr. Aaron Bates,723-25-8781,"PSC 6876, Box 7495
APO AE 89563",N,hours
1001,Sheila Williams,289-95-2359,"6670 Jesse Creek
Angelaview, WY 13908",Y,hours
1002,James Phillips,824-80-5994,"57329 Baldwin Fort
New Jeffrey, VT 43261",N,miles
1003,Jonathan Bowers,068-31-2407,"4732 Greer Bridge
New Luismouth, MO 58125",Y,miles
1004,April Love,113-49-5052,"355 Zimmerman Shoal Apt. 112
Limouth, ND 80112",Y,hours
1005,Cheryl Daniels,880-58-6834,"2439 Sawyer Shores Suite 963
East Alyssabury, ME 26173",Y,hours
1006,Alice West,565-87-7243,"469 Kathy Spring Suite 731
West Ashleyberg, PA 03720",N,hours
1007,Laura Bell,376-31-7260,"8561 Warren Way Apt. 478
Christophershire, UT 28235",Y,miles
1008,Jennifer Carter,317-73-8336,"9524 Cynthia Fall
North Cheyenne, OH 38217",Y,miles
1009,Darrell Moore,801-50-8118,"68178 Cook Rue Apt. 943
South Angelafurt, ND 82646",Y,hours
